{
    "timestamps": [
        0.0,
        0.5,
        1.0,
        1.5,
        2.0,
        2.5,
        3.0,
        3.5,
        4.0,
        4.5,
        5.0,
        5.5,
        6.0,
        6.5,
        7.0,
        7.5,
        8.0,
        8.5,
        9.0,
        9.5,
        10.0,
        10.5,
        11.0,
        11.5,
        12.0,
        12.5,
        13.0,
        13.5,
        14.0,
        14.5,
        15.0,
        15.5,
        16.0,
        16.5,
        17.0,
        17.5,
        18.0,
        18.5,
        19.0,
        19.5,
        20.0,
        20.5,
        21.0,
        21.5,
        22.0,
        22.5,
        23.0,
        23.5,
        24.0,
        24.5,
        25.0,
        25.5,
        26.0,
        26.5,
        27.0,
        27.5,
        28.0,
        28.5,
        29.0,
        29.5,
        30.0,
        30.5
    ],
    "bandwidths": [
        0.1,
        0.602944,
        1.968,
        5.88,
        23.208,
        68.496,
        66.721408,
        69.48,
        94.08,
        91.968,
        92.16,
        83.353408,
        77.184,
        92.688,
        88.561408,
        91.008,
        95.16,
        88.777408,
        90.504,
        80.82848,
        63.148928,
        82.969408,
        81.864,
        86.929408,
        59.088,
        90.408,
        89.809408,
        44.424,
        47.088,
        78.557248,
        75.88416,
        93.744,
        77.569408,
        92.496,
        59.569408,
        97.296,
        73.297408,
        90.36,
        73.153408,
        91.896,
        87.432,
        93.624,
        91.92,
        78.541824,
        82.883584,
        91.225408,
        88.2,
        93.408,
        96.265408,
        91.224,
        79.081408,
        90.024,
        80.88,
        87.985408,
        92.472,
        92.304,
        85.369408,
        90.999744,
        56.025664,
        49.872,
        90.432,
        18.0
    ],
    "delays": [
        69.8695
    ],
    "loss": 0,
    "queue": 10,
    "delay_noise": 0,
    "T_s": 0
}