{
    "timestamps": [
        0.0,
        0.5,
        1.0,
        1.5,
        2.0,
        2.5,
        3.0,
        3.5,
        4.0,
        4.5,
        5.0,
        5.5,
        6.0,
        6.5,
        7.0,
        7.5,
        8.0,
        8.5,
        9.0,
        9.5,
        10.0,
        10.5,
        11.0,
        11.5,
        12.0,
        12.5,
        13.0,
        13.5,
        14.0,
        14.5,
        15.0,
        15.5,
        16.0,
        16.5,
        17.0,
        17.5,
        18.0,
        18.5,
        19.0,
        19.5,
        20.0,
        20.5,
        21.0,
        21.5,
        22.0,
        22.5,
        23.0,
        23.5,
        24.0,
        24.5,
        25.0,
        25.5,
        26.0,
        26.5,
        27.0,
        27.5,
        28.0,
        28.5,
        29.0,
        29.5,
        30.0
    ],
    "bandwidths": [
        0.1,
        0.958032,
        4.56,
        3.192,
        14.424,
        37.896,
        64.128,
        59.712,
        54.048,
        50.928,
        52.128,
        48.408,
        50.784,
        53.784,
        49.512,
        46.824,
        45.024,
        48.288,
        44.808,
        48.864,
        45.6,
        44.376,
        51.408,
        45.528,
        44.64,
        40.824,
        42.96,
        40.776,
        35.904,
        38.328,
        38.184,
        38.88,
        34.008,
        32.184,
        32.016,
        34.896,
        33.264,
        30.384,
        30.312,
        31.128,
        27.072,
        31.632,
        28.92,
        28.488,
        27.912,
        24.048,
        29.712,
        28.704,
        24.024,
        25.608,
        26.304,
        25.248,
        26.712,
        24.576,
        25.392,
        23.208,
        22.32,
        25.608,
        25.464,
        21.648,
        11.52
    ],
    "delays": [
        77.304
    ],
    "loss": 0,
    "queue": 10,
    "delay_noise": 0,
    "T_s": 0
}