{
    "timestamps": [
        0.0,
        0.5,
        1.0,
        1.5,
        2.0,
        2.5,
        3.0,
        3.5,
        4.0,
        4.5,
        5.0,
        5.5,
        6.0,
        6.5,
        7.0,
        7.5,
        8.0,
        8.5,
        9.0,
        9.5,
        10.0,
        10.5,
        11.0,
        11.5,
        12.0,
        12.5,
        13.0,
        13.5,
        14.0,
        14.5,
        15.0,
        15.5,
        16.0,
        16.5,
        17.0,
        17.5,
        18.0,
        18.5,
        19.0,
        19.5,
        20.0,
        20.5,
        21.0,
        21.5,
        22.0,
        22.5,
        23.0,
        23.5,
        24.0,
        24.5,
        25.0,
        25.5,
        26.0,
        26.5,
        27.0,
        27.5,
        28.0,
        28.5,
        29.0,
        29.5,
        30.0
    ],
    "bandwidths": [
        0.1,
        0.958032,
        6.072,
        21.696,
        42.072,
        51.84,
        67.8,
        74.376,
        73.272,
        69.84,
        73.968,
        72.312,
        75.936,
        75.84,
        74.712,
        73.584,
        72.408,
        72.096,
        70.344,
        72.36,
        74.472,
        73.296,
        74.376,
        70.992,
        68.952,
        68.808,
        68.304,
        65.808,
        68.16,
        69.0,
        70.032,
        72.336,
        69.696,
        68.928,
        69.336,
        68.328,
        68.616,
        65.712,
        68.76,
        66.24,
        70.8,
        72.264,
        67.056,
        65.16,
        66.984,
        64.536,
        66.24,
        66.696,
        66.216,
        67.944,
        69.96,
        66.72,
        65.52,
        64.08,
        65.376,
        62.928,
        64.056,
        63.024,
        66.816,
        66.456,
        25.728
    ],
    "delays": [
        84.003
    ],
    "loss": 0,
    "queue": 10,
    "delay_noise": 0,
    "T_s": 0
}