{
    "timestamps": [
        0.0,
        0.5,
        1.0,
        1.5,
        2.0,
        2.5,
        3.0,
        3.5,
        4.0,
        4.5,
        5.0,
        5.5,
        6.0,
        6.5,
        7.0,
        7.5,
        8.0,
        8.5,
        9.0,
        9.5,
        10.0,
        10.5,
        11.0,
        11.5,
        12.0,
        12.5,
        13.0,
        13.5,
        14.0,
        14.5,
        15.0,
        15.5,
        16.0,
        16.5,
        17.0,
        17.5,
        18.0,
        18.5,
        19.0,
        19.5,
        20.0,
        20.5,
        21.0,
        21.5,
        22.0,
        22.5,
        23.0,
        23.5,
        24.0,
        24.5,
        25.0,
        25.5,
        26.0,
        26.5,
        27.0,
        27.5,
        28.0,
        28.5,
        29.0,
        29.5,
        30.0
    ],
    "bandwidths": [
        0.1,
        0.790032,
        4.56,
        21.144,
        26.472,
        71.712,
        71.52,
        60.264,
        67.848,
        61.44,
        51.96,
        61.344,
        66.792,
        54.504,
        55.44,
        61.248,
        54.936,
        57.648,
        55.8,
        47.856,
        49.488,
        48.48,
        48.432,
        47.688,
        46.488,
        41.448,
        41.712,
        41.352,
        39.648,
        36.096,
        40.896,
        37.536,
        35.64,
        37.08,
        37.848,
        44.76,
        34.776,
        34.704,
        34.344,
        31.488,
        30.576,
        38.544,
        30.816,
        29.496,
        28.08,
        29.712,
        31.176,
        27.84,
        23.76,
        24.936,
        26.16,
        24.744,
        24.168,
        25.512,
        27.672,
        29.448,
        28.272,
        25.248,
        24.12,
        24.192,
        9.048
    ],
    "delays": [
        72.7955
    ],
    "loss": 0,
    "queue": 10,
    "delay_noise": 0,
    "T_s": 0
}