{
    "timestamps": [
        0.0,
        0.5,
        1.0,
        1.5,
        2.0,
        2.5,
        3.0,
        3.5,
        4.0,
        4.5,
        5.0,
        5.5,
        6.0,
        6.5,
        7.0,
        7.5,
        8.0,
        8.5,
        9.0,
        9.5,
        10.0,
        10.5,
        11.0,
        11.5,
        12.0,
        12.5,
        13.0,
        13.5,
        14.0,
        14.5,
        15.0,
        15.5,
        16.0,
        16.5,
        17.0,
        17.5,
        18.0,
        18.5,
        19.0,
        19.5,
        20.0,
        20.5,
        21.0,
        21.5,
        22.0,
        22.5,
        23.0,
        23.5,
        24.0,
        24.5,
        25.0,
        25.5,
        26.0,
        26.5,
        27.0,
        27.5,
        28.0,
        28.5,
        29.0,
        29.5,
        30.0,
        30.5
    ],
    "bandwidths": [
        0.1,
        0.722944,
        8.04,
        42.336,
        45.72,
        47.136,
        45.336,
        47.256,
        44.688,
        25.656,
        8.88,
        8.448,
        13.008,
        12.432,
        12.768,
        13.008,
        13.344,
        13.536,
        13.68,
        13.536,
        13.536,
        13.632,
        14.208,
        13.872,
        14.496,
        13.92,
        14.064,
        8.856,
        7.224,
        13.248,
        13.488,
        13.344,
        13.248,
        12.864,
        12.192,
        12.144,
        11.568,
        11.76,
        11.664,
        12.432,
        11.952,
        12.192,
        11.952,
        11.232,
        11.04,
        11.328,
        10.32,
        10.32,
        9.144,
        6.024,
        5.184,
        5.328,
        5.28,
        3.744,
        2.928,
        3.216,
        3.24,
        3.384,
        3.648,
        3.744,
        3.792,
        0.456
    ],
    "delays": [
        69.0135
    ],
    "loss": 0,
    "queue": 10,
    "delay_noise": 0,
    "T_s": 0
}