{
    "timestamps": [
        0.0,
        0.5,
        1.0,
        1.5,
        2.0,
        2.5,
        3.0,
        3.5,
        4.0,
        4.5,
        5.0,
        5.5,
        6.0,
        6.5,
        7.0,
        7.5,
        8.0,
        8.5,
        9.0,
        9.5,
        10.0,
        10.5,
        11.0,
        11.5,
        12.0,
        12.5,
        13.0,
        13.5,
        14.0,
        14.5,
        15.0,
        15.5,
        16.0,
        16.5,
        17.0,
        17.5,
        18.0,
        18.5,
        19.0,
        19.5,
        20.0,
        20.5,
        21.0,
        21.5,
        22.0,
        22.5,
        23.0,
        23.5,
        24.0,
        24.5,
        25.0,
        25.5,
        26.0,
        26.5,
        27.0,
        27.5,
        28.0,
        28.5,
        29.0,
        29.5,
        30.0
    ],
    "bandwidths": [
        0.1,
        3.554944,
        4.464,
        5.088,
        5.16,
        6.0,
        5.832,
        4.392,
        1.032,
        2.688,
        4.416,
        1.536,
        1.56,
        1.488,
        2.04,
        3.384,
        2.112,
        2.688,
        6.312,
        6.384,
        6.72,
        3.72,
        6.072,
        3.888,
        7.752,
        7.08,
        7.656,
        4.416,
        3.96,
        6.12,
        2.88,
        3.384,
        2.112,
        2.328,
        3.552,
        1.704,
        3.0,
        3.024,
        3.432,
        2.784,
        3.216,
        3.984,
        5.736,
        5.64,
        4.176,
        3.408,
        4.92,
        6.0,
        9.36,
        10.32,
        8.688,
        9.984,
        7.08,
        5.064,
        8.736,
        7.584,
        5.544,
        3.36,
        5.448,
        6.216,
        7.056
    ],
    "delays": [
        14.7285
    ],
    "loss": 0,
    "queue": 10,
    "delay_noise": 0
}