{
    "timestamps": [
        0.0,
        0.5,
        1.0,
        1.5,
        2.0,
        2.5,
        3.0,
        3.5,
        4.0,
        4.5,
        5.0,
        5.5,
        6.0,
        6.5,
        7.0,
        7.5,
        8.0,
        8.5,
        9.0,
        9.5,
        10.0,
        10.5,
        11.0,
        11.5,
        12.0,
        12.5,
        13.0,
        13.5,
        14.0,
        14.5,
        15.0,
        15.5,
        16.0,
        16.5,
        17.0,
        17.5,
        18.0,
        18.5,
        19.0,
        19.5,
        20.0,
        20.5,
        21.0,
        21.5,
        22.0,
        22.5,
        23.0,
        23.5,
        24.0,
        24.5,
        25.0,
        25.5,
        26.0,
        26.5,
        27.0,
        27.5,
        28.0,
        28.5,
        29.0,
        29.5,
        30.0,
        30.5
    ],
    "bandwidths": [
        0.1,
        1.874944,
        5.544,
        1.392,
        2.664,
        3.912,
        4.68,
        1.704,
        5.52,
        8.064,
        5.832,
        10.224,
        11.112,
        5.76,
        6.48,
        4.032,
        3.384,
        5.88,
        3.12,
        3.864,
        4.632,
        5.136,
        0.1,
        3.768,
        2.568,
        1.704,
        1.944,
        3.816,
        1.992,
        2.784,
        4.08,
        9.072,
        7.632,
        10.032,
        9.504,
        6.072,
        6.576,
        7.272,
        12.36,
        10.968,
        4.296,
        12.216,
        14.04,
        6.72,
        9.744,
        8.928,
        8.664,
        13.392,
        14.952,
        10.536,
        11.832,
        8.784,
        14.136,
        13.68,
        9.768,
        13.416,
        13.464,
        13.152,
        6.336,
        14.904,
        19.536,
        0.336
    ],
    "delays": [
        14.657
    ],
    "loss": 0,
    "queue": 10,
    "delay_noise": 0
}