{
    "timestamps": [
        0.0,
        0.5,
        1.0,
        1.5,
        2.0,
        2.5,
        3.0,
        3.5,
        4.0,
        4.5,
        5.0,
        5.5,
        6.0,
        6.5,
        7.0,
        7.5,
        8.0,
        8.5,
        9.0,
        9.5,
        10.0,
        10.5,
        11.0,
        11.5,
        12.0,
        12.5,
        13.0,
        13.5,
        14.0,
        14.5,
        15.0,
        15.5,
        16.0,
        16.5,
        17.0,
        17.5,
        18.0,
        18.5,
        19.0,
        19.5,
        20.0,
        20.5,
        21.0,
        21.5,
        22.0,
        22.5,
        23.0,
        23.5,
        24.0,
        24.5,
        25.0,
        25.5,
        26.0,
        26.5,
        27.0,
        27.5,
        28.0,
        28.5,
        29.0,
        29.5,
        30.0
    ],
    "bandwidths": [
        0.1,
        4.922944,
        6.984,
        5.904,
        4.776,
        3.576,
        4.704,
        4.992,
        5.856,
        2.616,
        6.648,
        3.792,
        3.816,
        7.08,
        2.712,
        3.624,
        3.024,
        2.856,
        3.024,
        2.184,
        1.92,
        1.488,
        1.584,
        2.28,
        2.808,
        2.664,
        2.904,
        3.984,
        3.288,
        6.024,
        4.752,
        5.352,
        4.704,
        4.296,
        2.808,
        1.944,
        1.92,
        2.424,
        2.376,
        1.728,
        1.656,
        1.608,
        1.632,
        1.656,
        1.32,
        2.52,
        1.104,
        1.392,
        1.824,
        2.928,
        1.512,
        3.24,
        3.48,
        3.504,
        2.448,
        3.624,
        2.472,
        1.464,
        1.632,
        1.896,
        2.136
    ],
    "delays": [
        14.9635
    ],
    "loss": 0,
    "queue": 10,
    "delay_noise": 0
}