{
    "timestamps": [
        0.0,
        0.5,
        1.0,
        1.5,
        2.0,
        2.5,
        3.0,
        3.5,
        4.0,
        4.5,
        5.0,
        5.5,
        6.0,
        6.5,
        7.0,
        7.5,
        8.0,
        8.5,
        9.0,
        9.5,
        10.0,
        10.5,
        11.0,
        11.5,
        12.0,
        12.5,
        13.0,
        13.5,
        14.0,
        14.5,
        15.0,
        15.5,
        16.0,
        16.5,
        17.0,
        17.5,
        18.0,
        18.5,
        19.0,
        19.5,
        20.0,
        20.5,
        21.0,
        21.5,
        22.0,
        22.5,
        23.0,
        23.5,
        24.0,
        24.5,
        25.0,
        25.5,
        26.0,
        26.5,
        27.0,
        27.5,
        28.0,
        28.5,
        29.0,
        29.5,
        30.0,
        30.5
    ],
    "bandwidths": [
        0.1,
        3.434944,
        4.2,
        4.392,
        4.248,
        3.0,
        2.376,
        2.832,
        3.912,
        1.824,
        3.144,
        1.44,
        2.664,
        1.728,
        1.248,
        2.136,
        2.184,
        1.368,
        1.488,
        1.944,
        3.072,
        3.864,
        3.744,
        3.912,
        5.352,
        4.032,
        5.184,
        4.416,
        3.096,
        2.88,
        1.392,
        2.016,
        3.552,
        3.648,
        4.296,
        4.32,
        3.624,
        3.168,
        2.52,
        3.192,
        2.472,
        2.64,
        3.216,
        2.256,
        2.232,
        3.672,
        3.312,
        2.352,
        4.008,
        2.4,
        3.528,
        2.016,
        3.264,
        3.672,
        3.336,
        4.368,
        2.664,
        2.352,
        3.192,
        3.216,
        3.096,
        0.1
    ],
    "delays": [
        14.9295
    ],
    "loss": 0,
    "queue": 10,
    "delay_noise": 0
}