{
    "timestamps": [
        0.0,
        0.5,
        1.0,
        1.5,
        2.0,
        2.5,
        3.0,
        3.5,
        4.0,
        4.5,
        5.0,
        5.5,
        6.0,
        6.5,
        7.0,
        7.5,
        8.0,
        8.5,
        9.0,
        9.5,
        10.0,
        10.5,
        11.0,
        11.5,
        12.0,
        12.5,
        13.0,
        13.5,
        14.0,
        14.5,
        15.0,
        15.5,
        16.0,
        16.5,
        17.0,
        17.5,
        18.0,
        18.5,
        19.0,
        19.5,
        20.0,
        20.5,
        21.0,
        21.5,
        22.0,
        22.5,
        23.0,
        23.5,
        24.0,
        24.5,
        25.0,
        25.5,
        26.0,
        26.5,
        27.0,
        27.5,
        28.0,
        28.5,
        29.0,
        29.5,
        30.0,
        30.5
    ],
    "bandwidths": [
        0.1,
        3.530944,
        6.696,
        9.624,
        11.76,
        18.864,
        12.288,
        14.88,
        17.928,
        14.28,
        18.528,
        20.544,
        16.608,
        10.152,
        7.392,
        3.84,
        7.464,
        9.192,
        8.976,
        11.664,
        10.056,
        16.2,
        8.736,
        8.712,
        7.224,
        9.864,
        13.704,
        12.024,
        9.576,
        6.696,
        6.6,
        5.904,
        5.28,
        4.008,
        4.224,
        7.68,
        6.144,
        7.176,
        5.856,
        5.736,
        3.792,
        3.24,
        4.632,
        4.488,
        3.48,
        5.88,
        7.248,
        7.656,
        5.472,
        4.944,
        5.52,
        7.752,
        10.2,
        5.928,
        5.88,
        4.176,
        5.856,
        7.704,
        10.68,
        4.584,
        6.528,
        0.216
    ],
    "delays": [
        14.811
    ],
    "loss": 0,
    "queue": 10,
    "delay_noise": 0
}