{
    "timestamps": [
        0.0,
        0.5,
        1.0,
        1.5,
        2.0,
        2.5,
        3.0,
        3.5,
        4.0,
        4.5,
        5.0,
        5.5,
        6.0,
        6.5,
        7.0,
        7.5,
        8.0,
        8.5,
        9.0,
        9.5,
        10.0,
        10.5,
        11.0,
        11.5,
        12.0,
        12.5,
        13.0,
        13.5,
        14.0,
        14.5,
        15.0,
        15.5,
        16.0,
        16.5,
        17.0,
        17.5,
        18.0,
        18.5,
        19.0,
        19.5,
        20.0,
        20.5,
        21.0,
        21.5,
        22.0,
        22.5,
        23.0,
        23.5,
        24.0,
        24.5,
        25.0,
        25.5,
        26.0,
        26.5,
        27.0,
        27.5,
        28.0,
        28.5,
        29.0,
        29.5,
        30.0
    ],
    "bandwidths": [
        0.1,
        8.014032,
        5.064,
        3.672,
        2.712,
        2.448,
        1.344,
        2.16,
        2.232,
        2.016,
        2.304,
        2.232,
        2.208,
        1.704,
        1.728,
        2.184,
        2.448,
        2.16,
        2.088,
        2.16,
        2.232,
        1.632,
        2.064,
        1.992,
        2.016,
        2.376,
        2.16,
        2.208,
        2.376,
        2.472,
        2.352,
        2.208,
        2.256,
        2.304,
        1.92,
        2.232,
        2.16,
        2.52,
        1.824,
        1.44,
        2.424,
        2.376,
        2.472,
        2.496,
        2.4,
        2.496,
        2.28,
        2.256,
        2.328,
        2.448,
        2.184,
        2.4,
        2.304,
        2.256,
        2.328,
        2.28,
        2.256,
        2.424,
        2.496,
        2.328,
        1.152
    ],
    "delays": [
        14.6045
    ],
    "loss": 0,
    "queue": 10,
    "delay_noise": 0
}