{
    "timestamps": [
        0.0,
        0.5,
        1.0,
        1.5,
        2.0,
        2.5,
        3.0,
        3.5,
        4.0,
        4.5,
        5.0,
        5.5,
        6.0,
        6.5,
        7.0,
        7.5,
        8.0,
        8.5,
        9.0,
        9.5,
        10.0,
        10.5,
        11.0,
        11.5,
        12.0,
        12.5,
        13.0,
        13.5,
        14.0,
        14.5,
        15.0,
        15.5,
        16.0,
        16.5,
        17.0,
        17.5,
        18.0,
        18.5,
        19.0,
        19.5,
        20.0,
        20.5,
        21.0,
        21.5,
        22.0,
        22.5,
        23.0,
        23.5,
        24.0,
        24.5,
        25.0,
        25.5,
        26.0,
        26.5,
        27.0,
        27.5,
        28.0,
        28.5,
        29.0,
        29.5,
        30.0,
        30.5
    ],
    "bandwidths": [
        0.1,
        4.442944,
        7.776,
        5.832,
        4.488,
        3.768,
        3.312,
        2.616,
        2.16,
        1.776,
        1.464,
        1.488,
        1.56,
        1.512,
        1.44,
        1.56,
        1.776,
        2.04,
        2.112,
        1.992,
        2.016,
        1.8,
        1.56,
        1.464,
        1.752,
        2.064,
        2.04,
        2.208,
        1.848,
        1.344,
        1.2,
        0.888,
        1.104,
        1.2,
        1.56,
        1.896,
        2.208,
        1.824,
        1.992,
        1.824,
        2.04,
        2.064,
        1.896,
        1.776,
        1.704,
        1.608,
        1.848,
        2.064,
        2.088,
        2.088,
        1.248,
        1.152,
        1.056,
        1.224,
        1.368,
        1.536,
        1.032,
        0.408,
        0.552,
        0.696,
        0.816,
        0.1
    ],
    "delays": [
        14.757
    ],
    "loss": 0,
    "queue": 10,
    "delay_noise": 0
}