{
    "timestamps": [
        0.0,
        0.5,
        1.0,
        1.5,
        2.0,
        2.5,
        3.0,
        3.5,
        4.0,
        4.5,
        5.0,
        5.5,
        6.0,
        6.5,
        7.0,
        7.5,
        8.0,
        8.5,
        9.0,
        9.5,
        10.0,
        10.5,
        11.0,
        11.5,
        12.0,
        12.5,
        13.0,
        13.5,
        14.0,
        14.5,
        15.0,
        15.5,
        16.0,
        16.5,
        17.0,
        17.5,
        18.0,
        18.5,
        19.0,
        19.5,
        20.0,
        20.5,
        21.0,
        21.5,
        22.0,
        22.5,
        23.0,
        23.5,
        24.0,
        24.5,
        25.0,
        25.5,
        26.0,
        26.5,
        27.0,
        27.5,
        28.0,
        28.5,
        29.0,
        29.5,
        30.0,
        30.5
    ],
    "bandwidths": [
        0.1,
        1.274944,
        5.352,
        3.96,
        4.344,
        3.6,
        3.552,
        3.648,
        2.76,
        2.016,
        1.488,
        1.368,
        1.56,
        1.8,
        1.344,
        1.44,
        1.968,
        2.208,
        0.48,
        0.696,
        0.864,
        1.032,
        1.008,
        1.608,
        1.704,
        1.896,
        2.304,
        2.616,
        2.664,
        2.832,
        3.432,
        3.696,
        3.792,
        3.528,
        3.408,
        3.096,
        2.712,
        2.712,
        2.856,
        3.216,
        3.288,
        3.024,
        2.424,
        1.08,
        0.888,
        0.888,
        0.696,
        0.816,
        0.912,
        1.08,
        1.416,
        1.608,
        1.392,
        1.416,
        1.608,
        1.44,
        1.32,
        0.912,
        1.008,
        1.032,
        1.152,
        0.1
    ],
    "delays": [
        14.661
    ],
    "loss": 0,
    "queue": 10,
    "delay_noise": 0
}