{
    "timestamps": [
        0.0,
        0.5,
        1.0,
        1.5,
        2.0,
        2.5,
        3.0,
        3.5,
        4.0,
        4.5,
        5.0,
        5.5,
        6.0,
        6.5,
        7.0,
        7.5,
        8.0,
        8.5,
        9.0,
        9.5,
        10.0,
        10.5,
        11.0,
        11.5,
        12.0,
        12.5,
        13.0,
        13.5,
        14.0,
        14.5,
        15.0,
        15.5,
        16.0,
        16.5,
        17.0,
        17.5,
        18.0,
        18.5,
        19.0,
        19.5,
        20.0,
        20.5,
        21.0,
        21.5,
        22.0,
        22.5,
        23.0,
        23.5,
        24.0,
        24.5,
        25.0,
        25.5,
        26.0,
        26.5,
        27.0,
        27.5,
        28.0,
        28.5,
        29.0,
        29.5,
        30.0
    ],
    "bandwidths": [
        0.1,
        1.562944,
        6.624,
        4.248,
        3.912,
        3.12,
        3.456,
        3.864,
        2.808,
        2.208,
        2.784,
        1.368,
        1.2,
        0.792,
        0.984,
        0.96,
        1.368,
        2.112,
        2.28,
        1.224,
        1.128,
        0.96,
        0.504,
        0.792,
        0.6,
        0.792,
        0.912,
        0.96,
        1.056,
        0.912,
        1.344,
        1.68,
        2.28,
        2.52,
        3.408,
        3.096,
        1.896,
        0.84,
        0.936,
        0.624,
        0.744,
        0.648,
        0.912,
        0.936,
        1.368,
        1.104,
        0.504,
        0.624,
        0.432,
        0.408,
        0.648,
        0.648,
        0.72,
        0.408,
        0.552,
        0.648,
        0.648,
        0.744,
        0.936,
        0.864,
        1.104
    ],
    "delays": [
        14.8
    ],
    "loss": 0,
    "queue": 10,
    "delay_noise": 0
}