{
    "timestamps": [
        0.0,
        0.5,
        1.0,
        1.5,
        2.0,
        2.5,
        3.0,
        3.5,
        4.0,
        4.5,
        5.0,
        5.5,
        6.0,
        6.5,
        7.0,
        7.5,
        8.0,
        8.5,
        9.0,
        9.5,
        10.0,
        10.5,
        11.0,
        11.5,
        12.0,
        12.5,
        13.0,
        13.5,
        14.0,
        14.5,
        15.0,
        15.5,
        16.0,
        16.5,
        17.0,
        17.5,
        18.0,
        18.5,
        19.0,
        19.5,
        20.0,
        20.5,
        21.0,
        21.5,
        22.0,
        22.5,
        23.0,
        23.5,
        24.0,
        24.5,
        25.0,
        25.5,
        26.0,
        26.5,
        27.0,
        27.5,
        28.0,
        28.5,
        29.0,
        29.5,
        30.0
    ],
    "bandwidths": [
        0.1,
        5.306944,
        11.496,
        10.872,
        11.04,
        10.8,
        11.208,
        11.136,
        11.304,
        10.752,
        11.448,
        10.848,
        11.28,
        11.136,
        11.136,
        11.16,
        11.184,
        9.216,
        11.664,
        10.92,
        11.712,
        10.512,
        8.352,
        5.16,
        4.824,
        3.84,
        3.648,
        3.912,
        4.968,
        5.472,
        3.288,
        3.264,
        3.36,
        3.192,
        3.36,
        3.264,
        2.64,
        1.728,
        1.392,
        2.64,
        2.712,
        2.76,
        2.4,
        2.496,
        2.256,
        2.112,
        1.776,
        1.44,
        1.176,
        1.2,
        1.176,
        0.984,
        0.936,
        0.864,
        0.384,
        1.056,
        0.696,
        0.528,
        0.912,
        0.48,
        0.12
    ],
    "delays": [
        31.467
    ],
    "loss": 0,
    "queue": 10,
    "delay_noise": 0
}