{
    "timestamps": [
        0.0,
        0.5,
        1.0,
        1.5,
        2.0,
        2.5,
        3.0,
        3.5,
        4.0,
        4.5,
        5.0,
        5.5,
        6.0,
        6.5,
        7.0,
        7.5,
        8.0,
        8.5,
        9.0,
        9.5,
        10.0,
        10.5,
        11.0,
        11.5,
        12.0,
        12.5,
        13.0,
        13.5,
        14.0,
        14.5,
        15.0,
        15.5,
        16.0,
        16.5,
        17.0,
        17.5,
        18.0,
        18.5,
        19.0,
        19.5,
        20.0,
        20.5,
        21.0,
        21.5,
        22.0,
        22.5,
        23.0,
        23.5,
        24.0,
        24.5,
        25.0,
        25.5,
        26.0,
        26.5,
        27.0,
        27.5,
        28.0,
        28.5,
        29.0,
        29.5,
        30.0
    ],
    "bandwidths": [
        0.1,
        4.730944,
        11.568,
        11.136,
        10.992,
        10.68,
        11.016,
        8.256,
        10.824,
        10.68,
        10.848,
        10.896,
        10.992,
        10.416,
        11.064,
        10.944,
        10.944,
        7.32,
        10.896,
        10.872,
        10.656,
        5.448,
        4.632,
        5.544,
        5.784,
        5.664,
        5.688,
        4.68,
        5.256,
        3.864,
        4.68,
        5.16,
        4.92,
        4.2,
        5.208,
        5.4,
        5.184,
        5.376,
        5.664,
        5.616,
        4.968,
        4.344,
        2.016,
        2.736,
        3.12,
        2.496,
        3.024,
        2.4,
        2.328,
        2.184,
        2.688,
        1.896,
        2.088,
        2.592,
        2.688,
        2.208,
        2.688,
        2.424,
        2.328,
        2.208,
        1.728
    ],
    "delays": [
        30.6405
    ],
    "loss": 0,
    "queue": 10,
    "delay_noise": 0
}