{
    "timestamps": [
        0.0,
        0.5,
        1.0,
        1.5,
        2.0,
        2.5,
        3.0,
        3.5,
        4.0,
        4.5,
        5.0,
        5.5,
        6.0,
        6.5,
        7.0,
        7.5,
        8.0,
        8.5,
        9.0,
        9.5,
        10.0,
        10.5,
        11.0,
        11.5,
        12.0,
        12.5,
        13.0,
        13.5,
        14.0,
        14.5,
        15.0,
        15.5,
        16.0,
        16.5,
        17.0,
        17.5,
        18.0,
        18.5,
        19.0,
        19.5,
        20.0,
        20.5,
        21.0,
        21.5,
        22.0,
        22.5,
        23.0,
        23.5,
        24.0,
        24.5,
        25.0,
        25.5,
        26.0,
        26.5,
        27.0,
        27.5,
        28.0,
        28.5,
        29.0,
        29.5,
        30.0
    ],
    "bandwidths": [
        0.1,
        4.298944,
        11.04,
        11.04,
        11.136,
        10.872,
        10.824,
        10.704,
        11.352,
        11.064,
        11.256,
        11.328,
        10.992,
        11.088,
        11.4,
        10.872,
        8.304,
        11.28,
        10.656,
        11.016,
        11.52,
        10.56,
        9.024,
        9.192,
        9.12,
        9.096,
        8.664,
        8.448,
        8.472,
        6.624,
        7.176,
        7.992,
        7.848,
        7.68,
        8.136,
        7.944,
        7.992,
        6.768,
        7.44,
        7.224,
        7.44,
        7.128,
        6.792,
        6.144,
        5.88,
        5.016,
        5.232,
        5.232,
        5.784,
        5.88,
        5.208,
        4.848,
        5.064,
        4.704,
        3.984,
        4.008,
        4.176,
        4.248,
        4.272,
        3.624,
        3.48
    ],
    "delays": [
        36.1165
    ],
    "loss": 0,
    "queue": 10,
    "delay_noise": 0
}