{
    "timestamps": [
        0.0,
        0.5,
        1.0,
        1.5,
        2.0,
        2.5,
        3.0,
        3.5,
        4.0,
        4.5,
        5.0,
        5.5,
        6.0,
        6.5,
        7.0,
        7.5,
        8.0,
        8.5,
        9.0,
        9.5,
        10.0,
        10.5,
        11.0,
        11.5,
        12.0,
        12.5,
        13.0,
        13.5,
        14.0,
        14.5,
        15.0,
        15.5,
        16.0,
        16.5,
        17.0,
        17.5,
        18.0,
        18.5,
        19.0,
        19.5,
        20.0,
        20.5,
        21.0,
        21.5,
        22.0,
        22.5,
        23.0,
        23.5,
        24.0,
        24.5,
        25.0,
        25.5,
        26.0,
        26.5,
        27.0,
        27.5,
        28.0,
        28.5,
        29.0,
        29.5,
        30.0
    ],
    "bandwidths": [
        0.1,
        3.146944,
        7.2,
        6.768,
        8.256,
        10.848,
        10.512,
        9.912,
        11.184,
        10.776,
        10.008,
        11.184,
        11.256,
        11.688,
        10.944,
        10.992,
        11.688,
        10.752,
        10.608,
        11.136,
        11.112,
        11.28,
        9.696,
        8.688,
        4.536,
        6.288,
        6.264,
        9.888,
        9.144,
        9.168,
        9.576,
        9.624,
        9.024,
        8.52,
        9.24,
        8.904,
        8.832,
        8.736,
        8.304,
        8.064,
        7.584,
        6.936,
        6.528,
        5.016,
        4.176,
        5.808,
        5.424,
        4.608,
        5.064,
        4.92,
        5.088,
        5.088,
        5.088,
        4.944,
        4.2,
        4.56,
        4.44,
        2.952,
        3.12,
        4.056,
        3.984
    ],
    "delays": [
        29.987
    ],
    "loss": 0,
    "queue": 10,
    "delay_noise": 0
}