{
    "timestamps": [
        0.0,
        0.5,
        1.0,
        1.5,
        2.0,
        2.5,
        3.0,
        3.5,
        4.0,
        4.5,
        5.0,
        5.5,
        6.0,
        6.5,
        7.0,
        7.5,
        8.0,
        8.5,
        9.0,
        9.5,
        10.0,
        10.5,
        11.0,
        11.5,
        12.0,
        12.5,
        13.0,
        13.5,
        14.0,
        14.5,
        15.0,
        15.5,
        16.0,
        16.5,
        17.0,
        17.5,
        18.0,
        18.5,
        19.0,
        19.5,
        20.0,
        20.5,
        21.0,
        21.5,
        22.0,
        22.5,
        23.0,
        23.5,
        24.0,
        24.5,
        25.0,
        25.5,
        26.0,
        26.5,
        27.0,
        27.5,
        28.0,
        28.5,
        29.0,
        29.5,
        30.0
    ],
    "bandwidths": [
        0.1,
        2.978944,
        5.424,
        6.768,
        8.544,
        11.376,
        10.92,
        11.376,
        11.712,
        10.92,
        11.232,
        11.184,
        11.76,
        11.16,
        11.184,
        11.448,
        11.088,
        11.856,
        11.256,
        10.872,
        11.088,
        11.328,
        9.36,
        8.616,
        8.088,
        7.728,
        7.104,
        6.816,
        6.168,
        5.592,
        5.64,
        5.112,
        4.32,
        4.752,
        4.728,
        4.344,
        4.8,
        4.704,
        4.608,
        4.8,
        4.752,
        4.512,
        3.984,
        4.152,
        3.888,
        4.248,
        3.936,
        3.528,
        3.48,
        3.768,
        3.864,
        3.96,
        4.608,
        4.728,
        4.656,
        4.464,
        4.368,
        4.2,
        4.296,
        4.32,
        4.224
    ],
    "delays": [
        32.191
    ],
    "loss": 0,
    "queue": 10,
    "delay_noise": 0
}