{
    "timestamps": [
        0.0,
        0.5,
        1.0,
        1.5,
        2.0,
        2.5,
        3.0,
        3.5,
        4.0,
        4.5,
        5.0,
        5.5,
        6.0,
        6.5,
        7.0,
        7.5,
        8.0,
        8.5,
        9.0,
        9.5,
        10.0,
        10.5,
        11.0,
        11.5,
        12.0,
        12.5,
        13.0,
        13.5,
        14.0,
        14.5,
        15.0,
        15.5,
        16.0,
        16.5,
        17.0,
        17.5,
        18.0,
        18.5,
        19.0,
        19.5,
        20.0,
        20.5,
        21.0,
        21.5,
        22.0,
        22.5,
        23.0,
        23.5,
        24.0,
        24.5,
        25.0,
        25.5,
        26.0,
        26.5,
        27.0,
        27.5,
        28.0,
        28.5,
        29.0,
        29.5,
        30.0
    ],
    "bandwidths": [
        0.1,
        6.526032,
        6.024,
        5.592,
        5.4,
        4.656,
        4.392,
        4.56,
        4.176,
        3.48,
        4.008,
        4.08,
        3.72,
        3.96,
        4.392,
        4.056,
        3.48,
        3.36,
        3.768,
        2.904,
        2.88,
        2.448,
        2.64,
        2.712,
        2.808,
        2.688,
        2.688,
        2.76,
        2.664,
        2.856,
        2.76,
        2.712,
        2.568,
        2.736,
        2.832,
        2.808,
        2.808,
        2.712,
        2.76,
        2.736,
        2.784,
        1.992,
        2.16,
        2.088,
        2.304,
        2.496,
        2.472,
        2.496,
        2.4,
        2.448,
        2.76,
        2.64,
        2.664,
        2.736,
        2.784,
        2.64,
        2.64,
        2.544,
        1.224,
        2.376,
        1.368
    ],
    "delays": [
        29.6005
    ],
    "loss": 0,
    "queue": 10,
    "delay_noise": 0
}