{
    "timestamps": [
        0.0,
        0.5,
        1.0,
        1.5,
        2.0,
        2.5,
        3.0,
        3.5,
        4.0,
        4.5,
        5.0,
        5.5,
        6.0,
        6.5,
        7.0,
        7.5,
        8.0,
        8.5,
        9.0,
        9.5,
        10.0,
        10.5,
        11.0,
        11.5,
        12.0,
        12.5,
        13.0,
        13.5,
        14.0,
        14.5,
        15.0,
        15.5,
        16.0,
        16.5,
        17.0,
        17.5,
        18.0,
        18.5,
        19.0,
        19.5,
        20.0,
        20.5,
        21.0,
        21.5,
        22.0,
        22.5,
        23.0,
        23.5,
        24.0,
        24.5,
        25.0,
        25.5,
        26.0,
        26.5,
        27.0,
        27.5,
        28.0,
        28.5,
        29.0,
        29.5,
        30.0
    ],
    "bandwidths": [
        0.1,
        4.942032,
        4.872,
        4.8,
        4.128,
        4.248,
        4.008,
        3.744,
        3.408,
        2.856,
        2.856,
        2.76,
        2.88,
        2.88,
        2.856,
        2.904,
        2.88,
        2.88,
        2.904,
        2.712,
        2.856,
        2.256,
        2.568,
        2.592,
        2.688,
        2.712,
        2.64,
        2.64,
        2.592,
        2.592,
        2.592,
        2.688,
        2.64,
        2.76,
        2.568,
        2.712,
        2.568,
        2.688,
        2.52,
        2.736,
        2.592,
        1.92,
        0.768,
        0.576,
        0.912,
        0.96,
        0.96,
        1.152,
        1.056,
        1.056,
        1.248,
        1.128,
        1.272,
        1.104,
        1.152,
        1.176,
        1.128,
        1.2,
        1.224,
        1.152,
        0.6
    ],
    "delays": [
        29.055500000000002
    ],
    "loss": 0,
    "queue": 10,
    "delay_noise": 0
}