{
    "timestamps": [
        0.0,
        0.5,
        1.0,
        1.5,
        2.0,
        2.5,
        3.0,
        3.5,
        4.0,
        4.5,
        5.0,
        5.5,
        6.0,
        6.5,
        7.0,
        7.5,
        8.0,
        8.5,
        9.0,
        9.5,
        10.0,
        10.5,
        11.0,
        11.5,
        12.0,
        12.5,
        13.0,
        13.5,
        14.0,
        14.5,
        15.0,
        15.5,
        16.0,
        16.5,
        17.0,
        17.5,
        18.0,
        18.5,
        19.0,
        19.5,
        20.0,
        20.5,
        21.0,
        21.5,
        22.0,
        22.5,
        23.0,
        23.5,
        24.0,
        24.5,
        25.0,
        25.5,
        26.0,
        26.5,
        27.0,
        27.5,
        28.0,
        28.5,
        29.0,
        29.5,
        30.0
    ],
    "bandwidths": [
        0.1,
        0.256,
        7.96528,
        11.402496,
        11.447744,
        10.97264,
        9.434208,
        9.864064,
        9.683072,
        9.569952,
        9.750944,
        10.701152,
        11.08576,
        11.628736,
        11.289088,
        10.836896,
        10.27096,
        11.175968,
        9.6152,
        9.366336,
        10.452288,
        9.434208,
        10.112928,
        8.122016,
        7.918112,
        8.054144,
        7.398048,
        7.895776,
        8.574496,
        8.303008,
        8.167264,
        8.981728,
        7.782656,
        7.714496,
        7.80528,
        7.760032,
        6.312096,
        6.312096,
        6.266848,
        6.583584,
        5.31664,
        7.511168,
        7.69216,
        7.01344,
        6.696704,
        7.398048,
        6.922944,
        6.312096,
        6.764576,
        6.493088,
        5.81408,
        6.040608,
        6.606208,
        6.379968,
        6.312096,
        6.741952,
        6.402592,
        6.832448,
        6.10848,
        6.063232,
        4.253312
    ],
    "delays": [
        31.0005
    ],
    "loss": 0,
    "queue": 10,
    "delay_noise": 0
}