{
    "timestamps": [
        0.0,
        0.5,
        1.0,
        1.5,
        2.0,
        2.5,
        3.0,
        3.5,
        4.0,
        4.5,
        5.0,
        5.5,
        6.0,
        6.5,
        7.0,
        7.5,
        8.0,
        8.5,
        9.0,
        9.5,
        10.0,
        10.5,
        11.0,
        11.5,
        12.0,
        12.5,
        13.0,
        13.5,
        14.0,
        14.5,
        15.0,
        15.5,
        16.0,
        16.5,
        17.0,
        17.5,
        18.0,
        18.5,
        19.0,
        19.5,
        20.0,
        20.5,
        21.0,
        21.5,
        22.0,
        22.5,
        23.0,
        23.5,
        24.0,
        24.5,
        25.0,
        25.5,
        26.0,
        26.5,
        27.0,
        27.5,
        28.0,
        28.5,
        29.0,
        29.5,
        30.0
    ],
    "bandwidths": [
        0.1,
        5.018944,
        9.96,
        9.6,
        9.024,
        8.976,
        8.736,
        8.472,
        8.544,
        8.184,
        7.92,
        4.872,
        6.12,
        6.72,
        6.984,
        7.008,
        6.0,
        6.984,
        7.104,
        7.224,
        7.2,
        7.224,
        6.288,
        3.432,
        3.528,
        3.48,
        3.744,
        3.672,
        3.792,
        4.008,
        4.176,
        4.056,
        4.008,
        4.368,
        3.84,
        2.976,
        3.36,
        3.888,
        4.2,
        4.056,
        4.176,
        3.48,
        2.808,
        2.592,
        2.28,
        2.28,
        2.16,
        2.016,
        1.944,
        1.92,
        2.016,
        2.184,
        2.016,
        2.16,
        2.112,
        1.392,
        1.512,
        1.656,
        1.92,
        1.968,
        2.04
    ],
    "delays": [
        32.3825
    ],
    "loss": 0,
    "queue": 10,
    "delay_noise": 0
}