{
    "timestamps": [
        0.0,
        0.5,
        1.0,
        1.5,
        2.0,
        2.5,
        3.0,
        3.5,
        4.0,
        4.5,
        5.0,
        5.5,
        6.0,
        6.5,
        7.0,
        7.5,
        8.0,
        8.5,
        9.0,
        9.5,
        10.0,
        10.5,
        11.0,
        11.5,
        12.0,
        12.5,
        13.0,
        13.5,
        14.0,
        14.5,
        15.0,
        15.5,
        16.0,
        16.5,
        17.0,
        17.5,
        18.0,
        18.5,
        19.0,
        19.5,
        20.0,
        20.5,
        21.0,
        21.5,
        22.0,
        22.5,
        23.0,
        23.5,
        24.0,
        24.5,
        25.0,
        25.5,
        26.0,
        26.5,
        27.0,
        27.5,
        28.0,
        28.5,
        29.0,
        29.5,
        30.0,
        30.5
    ],
    "bandwidths": [
        0.1,
        3.434944,
        9.192,
        9.096,
        9.096,
        7.992,
        8.952,
        8.808,
        9.768,
        7.872,
        8.28,
        9.288,
        9.072,
        6.024,
        3.888,
        4.56,
        4.968,
        3.024,
        5.784,
        6.456,
        4.176,
        3.432,
        2.568,
        3.936,
        5.904,
        4.704,
        5.784,
        6.576,
        6.0,
        4.872,
        5.136,
        7.776,
        5.976,
        8.088,
        9.0,
        9.768,
        8.304,
        7.512,
        7.248,
        7.968,
        7.992,
        4.488,
        7.152,
        3.816,
        6.12,
        4.128,
        5.112,
        4.896,
        4.512,
        6.12,
        5.736,
        7.248,
        8.256,
        6.456,
        7.776,
        7.704,
        8.832,
        9.456,
        9.768,
        9.048,
        9.192,
        0.192
    ],
    "delays": [
        31.032
    ],
    "loss": 0,
    "queue": 10,
    "delay_noise": 0
}