{
    "timestamps": [
        0.0,
        0.5,
        1.0,
        1.5,
        2.0,
        2.5,
        3.0,
        3.5,
        4.0,
        4.5,
        5.0,
        5.5,
        6.0,
        6.5,
        7.0,
        7.5,
        8.0,
        8.5,
        9.0,
        9.5,
        10.0,
        10.5,
        11.0,
        11.5,
        12.0,
        12.5,
        13.0,
        13.5,
        14.0,
        14.5,
        15.0,
        15.5,
        16.0,
        16.5,
        17.0,
        17.5,
        18.0,
        18.5,
        19.0,
        19.5,
        20.0,
        20.5,
        21.0,
        21.5,
        22.0,
        22.5,
        23.0,
        23.5,
        24.0,
        24.5,
        25.0,
        25.5,
        26.0,
        26.5,
        27.0,
        27.5,
        28.0,
        28.5,
        29.0,
        29.5,
        30.0,
        30.5
    ],
    "bandwidths": [
        0.1,
        3.842944,
        7.824,
        6.432,
        8.304,
        8.496,
        8.88,
        7.776,
        8.544,
        8.664,
        9.336,
        5.28,
        4.92,
        4.824,
        5.28,
        6.912,
        4.656,
        5.112,
        8.28,
        7.992,
        7.464,
        3.624,
        7.32,
        6.432,
        8.256,
        7.56,
        9.216,
        9.072,
        5.568,
        6.264,
        4.032,
        4.488,
        5.424,
        5.232,
        4.248,
        5.784,
        6.816,
        5.016,
        7.128,
        8.616,
        8.352,
        7.104,
        2.76,
        7.872,
        8.592,
        6.984,
        7.152,
        8.64,
        4.656,
        5.064,
        6.24,
        5.832,
        5.064,
        4.512,
        6.672,
        6.12,
        7.656,
        7.032,
        8.304,
        8.736,
        5.208,
        0.168
    ],
    "delays": [
        34.9575
    ],
    "loss": 0,
    "queue": 10,
    "delay_noise": 0
}