{
    "timestamps": [
        0.0,
        0.5,
        1.0,
        1.5,
        2.0,
        2.5,
        3.0,
        3.5,
        4.0,
        4.5,
        5.0,
        5.5,
        6.0,
        6.5,
        7.0,
        7.5,
        8.0,
        8.5,
        9.0,
        9.5,
        10.0,
        10.5,
        11.0,
        11.5,
        12.0,
        12.5,
        13.0,
        13.5,
        14.0,
        14.5,
        15.0,
        15.5,
        16.0,
        16.5,
        17.0,
        17.5,
        18.0,
        18.5,
        19.0,
        19.5,
        20.0,
        20.5,
        21.0,
        21.5,
        22.0,
        22.5,
        23.0,
        23.5,
        24.0,
        24.5,
        25.0,
        25.5,
        26.0,
        26.5,
        27.0,
        27.5,
        28.0,
        28.5,
        29.0,
        29.5,
        30.0
    ],
    "bandwidths": [
        0.1,
        3.434944,
        6.072,
        7.416,
        9.048,
        9.432,
        9.096,
        9.408,
        8.856,
        9.096,
        8.76,
        8.784,
        8.136,
        5.52,
        4.632,
        6.528,
        9.648,
        8.184,
        8.808,
        9.552,
        8.856,
        9.24,
        8.472,
        9.624,
        9.48,
        9.264,
        9.144,
        9.168,
        8.88,
        9.504,
        9.408,
        9.576,
        9.408,
        9.192,
        6.384,
        5.448,
        5.256,
        8.832,
        6.624,
        9.36,
        9.984,
        9.624,
        9.144,
        9.552,
        9.696,
        9.576,
        8.928,
        6.672,
        8.784,
        8.976,
        8.472,
        7.872,
        9.072,
        8.16,
        9.024,
        5.544,
        3.528,
        4.992,
        7.368,
        8.736,
        9.456
    ],
    "delays": [
        29.6755
    ],
    "loss": 0,
    "queue": 10,
    "delay_noise": 0
}