{
    "timestamps": [
        0.0,
        0.5,
        1.0,
        1.5,
        2.0,
        2.5,
        3.0,
        3.5,
        4.0,
        4.5,
        5.0,
        5.5,
        6.0,
        6.5,
        7.0,
        7.5,
        8.0,
        8.5,
        9.0,
        9.5,
        10.0,
        10.5,
        11.0,
        11.5,
        12.0,
        12.5,
        13.0,
        13.5,
        14.0,
        14.5,
        15.0,
        15.5,
        16.0,
        16.5,
        17.0,
        17.5,
        18.0,
        18.5,
        19.0,
        19.5,
        20.0,
        20.5,
        21.0,
        21.5,
        22.0,
        22.5,
        23.0,
        23.5,
        24.0,
        24.5,
        25.0,
        25.5,
        26.0,
        26.5,
        27.0,
        27.5,
        28.0,
        28.5,
        29.0,
        29.5,
        30.0
    ],
    "bandwidths": [
        0.1,
        4.754944,
        8.592,
        8.712,
        7.2,
        9.504,
        8.616,
        8.304,
        6.624,
        8.736,
        6.696,
        3.384,
        5.88,
        4.464,
        4.752,
        3.624,
        3.576,
        4.344,
        3.576,
        4.512,
        3.984,
        3.936,
        5.304,
        6.192,
        5.328,
        7.872,
        7.536,
        8.352,
        7.584,
        8.376,
        9.168,
        5.064,
        4.416,
        4.56,
        3.648,
        3.72,
        3.432,
        4.176,
        4.128,
        4.08,
        3.384,
        6.504,
        8.088,
        8.904,
        7.344,
        8.856,
        8.352,
        9.096,
        6.84,
        7.2,
        8.52,
        6.168,
        4.488,
        6.312,
        7.176,
        4.248,
        3.768,
        2.904,
        4.08,
        3.84,
        3.936
    ],
    "delays": [
        31.252
    ],
    "loss": 0,
    "queue": 10,
    "delay_noise": 0
}