{
    "timestamps": [
        0.0,
        0.5,
        1.0,
        1.5,
        2.0,
        2.5,
        3.0,
        3.5,
        4.0,
        4.5,
        5.0,
        5.5,
        6.0,
        6.5,
        7.0,
        7.5,
        8.0,
        8.5,
        9.0,
        9.5,
        10.0,
        10.5,
        11.0,
        11.5,
        12.0,
        12.5,
        13.0,
        13.5,
        14.0,
        14.5,
        15.0,
        15.5,
        16.0,
        16.5,
        17.0,
        17.5,
        18.0,
        18.5,
        19.0,
        19.5,
        20.0,
        20.5,
        21.0,
        21.5,
        22.0,
        22.5,
        23.0,
        23.5,
        24.0,
        24.5,
        25.0,
        25.5,
        26.0,
        26.5,
        27.0,
        27.5,
        28.0,
        28.5,
        29.0,
        29.5,
        30.0,
        30.5
    ],
    "bandwidths": [
        0.1,
        4.706944,
        9.432,
        9.384,
        9.312,
        9.264,
        9.648,
        9.0,
        7.224,
        9.072,
        7.536,
        5.976,
        5.4,
        6.48,
        8.664,
        7.896,
        8.28,
        9.648,
        9.0,
        9.384,
        7.752,
        8.376,
        9.0,
        9.576,
        8.808,
        9.408,
        9.744,
        8.376,
        6.12,
        7.92,
        9.768,
        9.888,
        8.16,
        9.336,
        9.432,
        9.0,
        7.032,
        9.6,
        9.576,
        8.592,
        4.776,
        5.016,
        6.168,
        8.256,
        9.288,
        9.912,
        9.912,
        9.072,
        6.744,
        9.048,
        10.032,
        9.216,
        8.928,
        9.888,
        9.216,
        9.984,
        7.728,
        9.336,
        7.512,
        5.16,
        5.76,
        0.216
    ],
    "delays": [
        30.4615
    ],
    "loss": 0,
    "queue": 10,
    "delay_noise": 0
}