{
    "timestamps": [
        0.0,
        0.5,
        1.0,
        1.5,
        2.0,
        2.5,
        3.0,
        3.5,
        4.0,
        4.5,
        5.0,
        5.5,
        6.0,
        6.5,
        7.0,
        7.5,
        8.0,
        8.5,
        9.0,
        9.5,
        10.0,
        10.5,
        11.0,
        11.5,
        12.0,
        12.5,
        13.0,
        13.5,
        14.0,
        14.5,
        15.0,
        15.5,
        16.0,
        16.5,
        17.0,
        17.5,
        18.0,
        18.5,
        19.0,
        19.5,
        20.0,
        20.5,
        21.0,
        21.5,
        22.0,
        22.5,
        23.0,
        23.5,
        24.0,
        24.5,
        25.0,
        25.5,
        26.0,
        26.5,
        27.0,
        27.5,
        28.0,
        28.5,
        29.0,
        29.5,
        30.0
    ],
    "bandwidths": [
        0.1,
        5.062032,
        4.656,
        4.752,
        4.176,
        3.36,
        3.48,
        3.456,
        3.216,
        3.6,
        3.432,
        3.384,
        3.672,
        3.264,
        3.384,
        3.528,
        3.504,
        3.456,
        3.432,
        3.384,
        3.288,
        3.504,
        3.504,
        3.576,
        3.456,
        3.36,
        3.528,
        3.6,
        3.36,
        3.6,
        3.504,
        3.432,
        2.208,
        2.016,
        1.968,
        2.16,
        2.04,
        2.064,
        2.04,
        2.136,
        2.064,
        2.04,
        2.064,
        1.992,
        2.088,
        1.896,
        1.968,
        2.088,
        2.016,
        2.16,
        2.04,
        2.04,
        2.16,
        2.016,
        2.04,
        2.016,
        2.064,
        2.04,
        2.112,
        2.016,
        1.296
    ],
    "delays": [
        31.066499999999998
    ],
    "loss": 0,
    "queue": 10,
    "delay_noise": 0
}