{
    "timestamps": [
        0.0,
        0.5,
        1.0,
        1.5,
        2.0,
        2.5,
        3.0,
        3.5,
        4.0,
        4.5,
        5.0,
        5.5,
        6.0,
        6.5,
        7.0,
        7.5,
        8.0,
        8.5,
        9.0,
        9.5,
        10.0,
        10.5,
        11.0,
        11.5,
        12.0,
        12.5,
        13.0,
        13.5,
        14.0,
        14.5,
        15.0,
        15.5,
        16.0,
        16.5,
        17.0,
        17.5,
        18.0,
        18.5,
        19.0,
        19.5,
        20.0,
        20.5,
        21.0,
        21.5,
        22.0,
        22.5,
        23.0,
        23.5,
        24.0,
        24.5,
        25.0,
        25.5,
        26.0,
        26.5,
        27.0,
        27.5,
        28.0,
        28.5,
        29.0,
        29.5,
        30.0
    ],
    "bandwidths": [
        0.1,
        3.358032,
        2.544,
        2.328,
        2.544,
        2.736,
        2.568,
        2.376,
        2.76,
        2.736,
        2.424,
        2.664,
        2.448,
        2.664,
        2.664,
        2.4,
        2.568,
        2.664,
        2.664,
        2.736,
        2.64,
        2.496,
        2.328,
        2.448,
        2.328,
        2.64,
        2.664,
        2.496,
        2.616,
        2.616,
        2.448,
        2.424,
        2.52,
        2.256,
        2.496,
        2.424,
        1.464,
        1.104,
        1.296,
        1.416,
        1.344,
        1.392,
        1.272,
        1.296,
        1.464,
        1.416,
        1.392,
        1.32,
        1.392,
        1.488,
        1.44,
        1.344,
        1.368,
        1.464,
        1.488,
        1.368,
        1.488,
        1.464,
        1.392,
        1.272,
        0.816
    ],
    "delays": [
        35.491
    ],
    "loss": 0,
    "queue": 10,
    "delay_noise": 0
}