{
    "timestamps": [
        0.0,
        0.5,
        1.0,
        1.5,
        2.0,
        2.5,
        3.0,
        3.5,
        4.0,
        4.5,
        5.0,
        5.5,
        6.0,
        6.5,
        7.0,
        7.5,
        8.0,
        8.5,
        9.0,
        9.5,
        10.0,
        10.5,
        11.0,
        11.5,
        12.0,
        12.5,
        13.0,
        13.5,
        14.0,
        14.5,
        15.0,
        15.5,
        16.0,
        16.5,
        17.0,
        17.5,
        18.0,
        18.5,
        19.0,
        19.5,
        20.0,
        20.5,
        21.0,
        21.5,
        22.0,
        22.5,
        23.0,
        23.5,
        24.0,
        24.5,
        25.0,
        25.5,
        26.0,
        26.5,
        27.0,
        27.5,
        28.0,
        28.5,
        29.0,
        29.5,
        30.0
    ],
    "bandwidths": [
        0.1,
        3.050944,
        5.016,
        4.416,
        5.112,
        5.28,
        5.64,
        5.88,
        5.736,
        5.568,
        4.8,
        4.896,
        5.016,
        5.4,
        5.784,
        5.232,
        5.808,
        5.88,
        6.24,
        5.904,
        5.904,
        5.856,
        5.928,
        6.048,
        5.904,
        5.64,
        5.04,
        5.16,
        5.496,
        5.688,
        5.544,
        5.688,
        5.88,
        5.616,
        6.048,
        6.072,
        5.952,
        5.88,
        5.352,
        5.688,
        5.016,
        4.608,
        3.816,
        4.608,
        4.392,
        4.32,
        4.56,
        4.368,
        4.776,
        4.896,
        4.992,
        5.112,
        4.152,
        5.04,
        5.04,
        3.696,
        4.896,
        4.632,
        5.16,
        5.208,
        4.224
    ],
    "delays": [
        32.637
    ],
    "loss": 0,
    "queue": 10,
    "delay_noise": 0
}