{
    "timestamps": [
        0.0,
        0.5,
        1.0,
        1.5,
        2.0,
        2.5,
        3.0,
        3.5,
        4.0,
        4.5,
        5.0,
        5.5,
        6.0,
        6.5,
        7.0,
        7.5,
        8.0,
        8.5,
        9.0,
        9.5,
        10.0,
        10.5,
        11.0,
        11.5,
        12.0,
        12.5,
        13.0,
        13.5,
        14.0,
        14.5,
        15.0,
        15.5,
        16.0,
        16.5,
        17.0,
        17.5,
        18.0,
        18.5,
        19.0,
        19.5,
        20.0,
        20.5,
        21.0,
        21.5,
        22.0,
        22.5,
        23.0,
        23.5,
        24.0,
        24.5,
        25.0,
        25.5,
        26.0,
        26.5,
        27.0,
        27.5,
        28.0,
        28.5,
        29.0,
        29.5,
        30.0,
        30.5
    ],
    "bandwidths": [
        0.1,
        95.858944,
        97.512,
        97.536,
        97.536,
        97.56,
        97.536,
        97.512,
        97.536,
        97.512,
        97.536,
        97.512,
        97.536,
        97.512,
        97.56,
        97.512,
        97.56,
        97.512,
        97.536,
        97.512,
        97.536,
        28.848,
        48.6,
        51.168,
        50.136,
        48.984,
        48.864,
        49.392,
        51.24,
        49.392,
        50.064,
        50.352,
        49.8,
        50.4,
        50.184,
        49.344,
        49.944,
        50.928,
        50.784,
        50.4,
        50.232,
        16.824,
        38.304,
        54.744,
        69.048,
        76.464,
        79.128,
        80.808,
        81.264,
        81.552,
        81.744,
        81.888,
        81.768,
        81.648,
        81.864,
        81.84,
        81.792,
        80.88,
        81.96,
        82.704,
        82.944,
        1.728
    ],
    "delays": [
        1.4755
    ],
    "loss": 0,
    "queue": 10,
    "delay_noise": 0
}