{
    "timestamps": [
        0.0,
        0.5,
        1.0,
        1.5,
        2.0,
        2.5,
        3.0,
        3.5,
        4.0,
        4.5,
        5.0,
        5.5,
        6.0,
        6.5,
        7.0,
        7.5,
        8.0,
        8.5,
        9.0,
        9.5,
        10.0,
        10.5,
        11.0,
        11.5,
        12.0,
        12.5,
        13.0,
        13.5,
        14.0,
        14.5,
        15.0,
        15.5,
        16.0,
        16.5,
        17.0,
        17.5,
        18.0,
        18.5,
        19.0,
        19.5,
        20.0,
        20.5,
        21.0,
        21.5,
        22.0,
        22.5,
        23.0,
        23.5,
        24.0,
        24.5,
        25.0,
        25.5,
        26.0,
        26.5,
        27.0,
        27.5,
        28.0,
        28.5,
        29.0,
        29.5,
        30.0,
        30.5
    ],
    "bandwidths": [
        0.1,
        96.002944,
        97.536,
        97.512,
        97.56,
        97.512,
        97.512,
        97.536,
        97.512,
        97.536,
        97.536,
        97.536,
        97.512,
        97.536,
        97.512,
        97.536,
        97.56,
        97.512,
        97.536,
        97.536,
        97.512,
        34.776,
        73.656,
        78.072,
        78.384,
        78.312,
        78.504,
        78.576,
        78.336,
        78.216,
        78.048,
        78.192,
        78.12,
        77.112,
        77.064,
        77.016,
        77.016,
        77.184,
        76.872,
        77.04,
        77.064,
        22.512,
        41.712,
        55.872,
        65.544,
        70.512,
        71.832,
        72.792,
        72.912,
        72.888,
        72.864,
        72.984,
        72.912,
        73.152,
        73.296,
        73.68,
        74.424,
        74.832,
        74.688,
        74.712,
        75.36,
        1.92
    ],
    "delays": [
        1.447
    ],
    "loss": 0,
    "queue": 10,
    "delay_noise": 0
}