{
    "timestamps": [
        0.0,
        0.5,
        1.0,
        1.5,
        2.0,
        2.5,
        3.0,
        3.5,
        4.0,
        4.5,
        5.0,
        5.5,
        6.0,
        6.5,
        7.0,
        7.5,
        8.0,
        8.5,
        9.0,
        9.5,
        10.0,
        10.5,
        11.0,
        11.5,
        12.0,
        12.5,
        13.0,
        13.5,
        14.0,
        14.5,
        15.0,
        15.5,
        16.0,
        16.5,
        17.0,
        17.5,
        18.0,
        18.5,
        19.0,
        19.5,
        20.0,
        20.5,
        21.0,
        21.5,
        22.0,
        22.5,
        23.0,
        23.5,
        24.0,
        24.5,
        25.0,
        25.5,
        26.0,
        26.5,
        27.0,
        27.5,
        28.0,
        28.5,
        29.0,
        29.5,
        30.0,
        30.5
    ],
    "bandwidths": [
        0.1,
        94.418944,
        97.536,
        97.512,
        97.536,
        97.536,
        97.536,
        97.536,
        97.536,
        97.512,
        97.536,
        97.512,
        97.536,
        97.512,
        97.536,
        97.512,
        97.56,
        97.512,
        97.536,
        97.536,
        97.536,
        80.736,
        74.496,
        72.84,
        66.216,
        62.808,
        61.656,
        60.072,
        52.272,
        52.728,
        48.144,
        44.184,
        44.616,
        51.0,
        51.792,
        55.656,
        59.616,
        58.824,
        50.16,
        50.88,
        50.592,
        42.096,
        30.336,
        26.088,
        27.048,
        34.32,
        34.224,
        29.328,
        29.016,
        29.688,
        26.136,
        27.336,
        30.84,
        33.792,
        36.288,
        39.288,
        41.808,
        44.472,
        38.736,
        33.144,
        28.128,
        0.72
    ],
    "delays": [
        1.4465
    ],
    "loss": 0,
    "queue": 10,
    "delay_noise": 0
}