{
    "timestamps": [
        0.0,
        0.5,
        1.0,
        1.5,
        2.0,
        2.5,
        3.0,
        3.5,
        4.0,
        4.5,
        5.0,
        5.5,
        6.0,
        6.5,
        7.0,
        7.5,
        8.0,
        8.5,
        9.0,
        9.5,
        10.0,
        10.5,
        11.0,
        11.5,
        12.0,
        12.5,
        13.0,
        13.5,
        14.0,
        14.5,
        15.0,
        15.5,
        16.0,
        16.5,
        17.0,
        17.5,
        18.0,
        18.5,
        19.0,
        19.5,
        20.0,
        20.5,
        21.0,
        21.5,
        22.0,
        22.5,
        23.0,
        23.5,
        24.0,
        24.5,
        25.0,
        25.5,
        26.0,
        26.5,
        27.0,
        27.5,
        28.0,
        28.5,
        29.0,
        29.5,
        30.0
    ],
    "bandwidths": [
        0.1,
        95.714944,
        96.336,
        96.216,
        96.288,
        96.192,
        95.832,
        96.36,
        96.384,
        96.288,
        96.48,
        96.432,
        96.336,
        96.072,
        96.36,
        96.312,
        96.288,
        96.384,
        96.432,
        96.6,
        96.36,
        27.096,
        23.472,
        26.4,
        28.128,
        24.864,
        24.72,
        24.984,
        26.76,
        26.832,
        27.288,
        27.288,
        27.24,
        25.56,
        27.216,
        26.784,
        26.04,
        26.544,
        25.392,
        28.272,
        27.624,
        15.216,
        16.752,
        16.584,
        16.824,
        16.992,
        17.712,
        19.152,
        19.104,
        19.728,
        19.488,
        21.84,
        22.416,
        22.656,
        22.272,
        22.968,
        22.536,
        23.376,
        23.208,
        22.608,
        22.296
    ],
    "delays": [
        0.673
    ],
    "loss": 0,
    "queue": 10,
    "delay_noise": 0
}