{
    "timestamps": [
        0.0,
        0.5,
        1.0,
        1.5,
        2.0,
        2.5,
        3.0,
        3.5,
        4.0,
        4.5,
        5.0,
        5.5,
        6.0,
        6.5,
        7.0,
        7.5,
        8.0,
        8.5,
        9.0,
        9.5,
        10.0,
        10.5,
        11.0,
        11.5,
        12.0,
        12.5,
        13.0,
        13.5,
        14.0,
        14.5,
        15.0,
        15.5,
        16.0,
        16.5,
        17.0,
        17.5,
        18.0,
        18.5,
        19.0,
        19.5,
        20.0,
        20.5,
        21.0,
        21.5,
        22.0,
        22.5,
        23.0,
        23.5,
        24.0,
        24.5,
        25.0,
        25.5,
        26.0,
        26.5,
        27.0,
        27.5,
        28.0,
        28.5,
        29.0,
        29.5,
        30.0
    ],
    "bandwidths": [
        0.1,
        95.642944,
        96.456,
        95.952,
        95.736,
        96.144,
        95.52,
        96.048,
        96.192,
        96.0,
        96.096,
        96.072,
        96.048,
        96.672,
        96.144,
        96.216,
        96.336,
        96.576,
        96.216,
        96.216,
        95.64,
        35.328,
        40.68,
        36.912,
        43.68,
        45.216,
        44.856,
        43.944,
        45.768,
        44.04,
        46.128,
        47.136,
        45.192,
        42.912,
        42.696,
        44.112,
        43.752,
        44.664,
        44.304,
        45.096,
        46.752,
        18.984,
        19.032,
        21.336,
        22.992,
        22.536,
        21.96,
        22.032,
        22.344,
        22.152,
        22.944,
        22.224,
        23.328,
        22.416,
        22.896,
        22.944,
        22.824,
        22.104,
        22.656,
        23.232,
        22.92
    ],
    "delays": [
        0.6595
    ],
    "loss": 0,
    "queue": 10,
    "delay_noise": 0
}