{
    "timestamps": [
        0.0,
        0.5,
        1.0,
        1.5,
        2.0,
        2.5,
        3.0,
        3.5,
        4.0,
        4.5,
        5.0,
        5.5,
        6.0,
        6.5,
        7.0,
        7.5,
        8.0,
        8.5,
        9.0,
        9.5,
        10.0,
        10.5,
        11.0,
        11.5,
        12.0,
        12.5,
        13.0,
        13.5,
        14.0,
        14.5,
        15.0,
        15.5,
        16.0,
        16.5,
        17.0,
        17.5,
        18.0,
        18.5,
        19.0,
        19.5,
        20.0,
        20.5,
        21.0,
        21.5,
        22.0,
        22.5,
        23.0,
        23.5,
        24.0,
        24.5,
        25.0,
        25.5,
        26.0,
        26.5,
        27.0,
        27.5,
        28.0,
        28.5,
        29.0,
        29.5,
        30.0
    ],
    "bandwidths": [
        0.1,
        95.858944,
        97.152,
        97.32,
        97.224,
        97.008,
        97.08,
        97.248,
        97.224,
        97.128,
        96.816,
        97.296,
        97.272,
        97.224,
        96.912,
        95.088,
        96.048,
        96.336,
        96.816,
        96.864,
        97.2,
        29.52,
        15.216,
        15.24,
        15.408,
        15.456,
        20.712,
        18.192,
        21.432,
        21.648,
        21.576,
        22.296,
        24.0,
        26.304,
        27.552,
        28.032,
        28.152,
        27.24,
        26.544,
        27.792,
        28.44,
        15.36,
        15.384,
        15.552,
        15.288,
        15.36,
        15.288,
        15.36,
        15.6,
        16.152,
        16.104,
        16.08,
        16.464,
        22.32,
        22.584,
        22.776,
        22.128,
        25.104,
        24.072,
        23.16,
        23.016
    ],
    "delays": [
        1.432
    ],
    "loss": 0,
    "queue": 10,
    "delay_noise": 0
}