{
    "timestamps": [
        0.0,
        0.5,
        1.0,
        1.5,
        2.0,
        2.5,
        3.0,
        3.5,
        4.0,
        4.5,
        5.0,
        5.5,
        6.0,
        6.5,
        7.0,
        7.5,
        8.0,
        8.5,
        9.0,
        9.5,
        10.0,
        10.5,
        11.0,
        11.5,
        12.0,
        12.5,
        13.0,
        13.5,
        14.0,
        14.5,
        15.0,
        15.5,
        16.0,
        16.5,
        17.0,
        17.5,
        18.0,
        18.5,
        19.0,
        19.5,
        20.0,
        20.5,
        21.0,
        21.5,
        22.0,
        22.5,
        23.0,
        23.5,
        24.0,
        24.5,
        25.0,
        25.5,
        26.0,
        26.5,
        27.0,
        27.5,
        28.0,
        28.5,
        29.0,
        29.5,
        30.0,
        30.5
    ],
    "bandwidths": [
        0.1,
        0.1,
        0.24,
        0.96,
        2.28,
        7.536,
        20.424,
        21.672,
        19.584,
        14.4,
        17.184,
        12.936,
        19.68,
        16.392,
        12.168,
        12.768,
        9.792,
        11.736,
        15.576,
        16.56,
        11.808,
        14.016,
        12.672,
        12.384,
        11.784,
        16.032,
        17.904,
        11.52,
        0.1,
        16.488,
        15.744,
        12.96,
        18.432,
        12.048,
        12.336,
        7.944,
        10.248,
        11.064,
        9.312,
        6.192,
        5.904,
        8.112,
        6.288,
        9.432,
        6.72,
        8.232,
        10.056,
        10.704,
        9.264,
        12.024,
        11.256,
        5.304,
        1.296,
        12.072,
        6.672,
        6.192,
        6.528,
        9.888,
        16.584,
        12.84,
        10.008,
        2.4
    ],
    "delays": [
        135.77499999999998
    ],
    "loss": 0,
    "queue": 10,
    "delay_noise": 0
}