{
    "timestamps": [
        0.0,
        0.5,
        1.0,
        1.5,
        2.0,
        2.5,
        3.0,
        3.5,
        4.0,
        4.5,
        5.0,
        5.5,
        6.0,
        6.5,
        7.0,
        7.5,
        8.0,
        8.5,
        9.0,
        9.5,
        10.0,
        10.5,
        11.0,
        11.5,
        12.0,
        12.5,
        13.0,
        13.5,
        14.0,
        14.5,
        15.0,
        15.5,
        16.0,
        16.5,
        17.0,
        17.5,
        18.0,
        18.5,
        19.0,
        19.5,
        20.0,
        20.5,
        21.0,
        21.5,
        22.0,
        22.5,
        23.0,
        23.5,
        24.0,
        24.5,
        25.0,
        25.5,
        26.0,
        26.5,
        27.0,
        27.5,
        28.0,
        28.5,
        29.0,
        29.5,
        30.0,
        30.5
    ],
    "bandwidths": [
        0.1,
        0.1,
        0.24,
        0.96,
        2.136,
        7.08,
        20.688,
        17.088,
        15.264,
        19.32,
        20.352,
        27.552,
        20.28,
        20.28,
        20.4,
        26.064,
        19.824,
        7.872,
        19.248,
        13.464,
        9.072,
        11.712,
        15.408,
        12.048,
        15.36,
        9.864,
        13.8,
        12.864,
        0.1,
        17.616,
        23.784,
        23.376,
        25.416,
        24.528,
        23.832,
        25.152,
        22.848,
        18.6,
        17.16,
        16.296,
        12.984,
        13.512,
        14.208,
        12.72,
        7.848,
        11.664,
        16.512,
        26.256,
        20.376,
        16.536,
        26.664,
        26.64,
        15.744,
        12.456,
        27.648,
        22.368,
        31.44,
        30.768,
        24.408,
        25.632,
        20.736,
        6.576
    ],
    "delays": [
        135.79500000000002
    ],
    "loss": 0,
    "queue": 10,
    "delay_noise": 0
}