{
    "timestamps": [
        0.0,
        0.5,
        1.0,
        1.5,
        2.0,
        2.5,
        3.0,
        3.5,
        4.0,
        4.5,
        5.0,
        5.5,
        6.0,
        6.5,
        7.0,
        7.5,
        8.0,
        8.5,
        9.0,
        9.5,
        10.0,
        10.5,
        11.0,
        11.5,
        12.0,
        12.5,
        13.0,
        13.5,
        14.0,
        14.5,
        15.0,
        15.5,
        16.0,
        16.5,
        17.0,
        17.5,
        18.0,
        18.5,
        19.0,
        19.5,
        20.0,
        20.5,
        21.0,
        21.5,
        22.0,
        22.5,
        23.0,
        23.5,
        24.0,
        24.5,
        25.0,
        25.5,
        26.0,
        26.5,
        27.0,
        27.5,
        28.0,
        28.5,
        29.0,
        29.5,
        30.0,
        30.5
    ],
    "bandwidths": [
        0.1,
        0.1,
        0.24,
        0.912,
        2.088,
        6.768,
        11.592,
        8.328,
        8.544,
        9.048,
        12.048,
        12.456,
        7.728,
        13.008,
        9.576,
        10.152,
        13.512,
        14.808,
        11.736,
        11.04,
        14.016,
        11.4,
        11.712,
        11.52,
        14.808,
        10.296,
        10.776,
        1.968,
        5.352,
        11.76,
        11.904,
        14.016,
        14.04,
        18.792,
        9.864,
        12.048,
        9.192,
        12.36,
        9.288,
        7.2,
        7.128,
        10.704,
        9.48,
        7.704,
        10.968,
        12.864,
        15.576,
        14.496,
        14.424,
        9.432,
        7.08,
        8.976,
        8.88,
        10.296,
        8.544,
        10.896,
        10.152,
        10.584,
        7.224,
        13.8,
        12.144,
        2.592
    ],
    "delays": [
        137.1525
    ],
    "loss": 0,
    "queue": 10,
    "delay_noise": 0
}