{
    "timestamps": [
        0.0,
        0.5,
        1.0,
        1.5,
        2.0,
        2.5,
        3.0,
        3.5,
        4.0,
        4.5,
        5.0,
        5.5,
        6.0,
        6.5,
        7.0,
        7.5,
        8.0,
        8.5,
        9.0,
        9.5,
        10.0,
        10.5,
        11.0,
        11.5,
        12.0,
        12.5,
        13.0,
        13.5,
        14.0,
        14.5,
        15.0,
        15.5,
        16.0,
        16.5,
        17.0,
        17.5,
        18.0,
        18.5,
        19.0,
        19.5,
        20.0,
        20.5,
        21.0,
        21.5,
        22.0,
        22.5,
        23.0,
        23.5,
        24.0,
        24.5,
        25.0,
        25.5,
        26.0,
        26.5,
        27.0,
        27.5,
        28.0,
        28.5,
        29.0,
        29.5,
        30.0,
        30.5
    ],
    "bandwidths": [
        0.1,
        0.242944,
        0.1,
        0.6,
        0.456,
        0.648,
        0.744,
        0.744,
        0.816,
        0.744,
        0.816,
        0.816,
        0.84,
        1.056,
        1.08,
        1.368,
        1.632,
        2.136,
        2.496,
        3.168,
        3.744,
        4.824,
        5.352,
        6.192,
        5.04,
        5.952,
        5.664,
        4.392,
        4.008,
        5.448,
        5.16,
        5.736,
        5.232,
        5.448,
        6.384,
        6.48,
        6.6,
        5.688,
        5.592,
        5.568,
        4.992,
        6.48,
        6.0,
        6.96,
        6.936,
        7.392,
        7.512,
        8.112,
        7.32,
        6.768,
        7.56,
        7.632,
        9.48,
        11.16,
        14.544,
        10.056,
        11.568,
        9.936,
        12.024,
        9.216,
        10.08,
        3.024
    ],
    "delays": [
        135.897
    ],
    "loss": 0,
    "queue": 10,
    "delay_noise": 0
}