{
    "timestamps": [
        0.0,
        0.5,
        1.0,
        1.5,
        2.0,
        2.5,
        3.0,
        3.5,
        4.0,
        4.5,
        5.0,
        5.5,
        6.0,
        6.5,
        7.0,
        7.5,
        8.0,
        8.5,
        9.0,
        9.5,
        10.0,
        10.5,
        11.0,
        11.5,
        12.0,
        12.5,
        13.0,
        13.5,
        14.0,
        14.5,
        15.0,
        15.5,
        16.0,
        16.5,
        17.0,
        17.5,
        18.0,
        18.5,
        19.0,
        19.5,
        20.0,
        20.5,
        21.0,
        21.5,
        22.0,
        22.5,
        23.0,
        23.5,
        24.0,
        24.5,
        25.0,
        25.5,
        26.0,
        26.5,
        27.0,
        27.5,
        28.0,
        28.5,
        29.0,
        29.5,
        30.0,
        30.5
    ],
    "bandwidths": [
        0.1,
        0.1,
        0.24,
        1.104,
        3.024,
        9.624,
        14.232,
        11.568,
        8.808,
        8.568,
        6.48,
        7.68,
        9.0,
        9.552,
        10.272,
        6.096,
        8.496,
        6.696,
        8.568,
        6.72,
        9.072,
        5.832,
        8.088,
        6.984,
        5.688,
        8.16,
        9.576,
        8.256,
        8.424,
        9.384,
        9.672,
        9.144,
        7.968,
        9.408,
        10.176,
        10.728,
        11.328,
        11.664,
        13.2,
        12.624,
        14.976,
        10.848,
        14.856,
        8.4,
        15.84,
        9.72,
        9.024,
        8.928,
        10.272,
        7.2,
        9.624,
        6.936,
        9.528,
        7.68,
        8.424,
        7.32,
        7.728,
        8.784,
        8.424,
        9.816,
        9.864,
        3.12
    ],
    "delays": [
        135.1535
    ],
    "loss": 0,
    "queue": 10,
    "delay_noise": 0
}