{
    "timestamps": [
        0.0,
        0.5,
        1.0,
        1.5,
        2.0,
        2.5,
        3.0,
        3.5,
        4.0,
        4.5,
        5.0,
        5.5,
        6.0,
        6.5,
        7.0,
        7.5,
        8.0,
        8.5,
        9.0,
        9.5,
        10.0,
        10.5,
        11.0,
        11.5,
        12.0,
        12.5,
        13.0,
        13.5,
        14.0,
        14.5,
        15.0,
        15.5,
        16.0,
        16.5,
        17.0,
        17.5,
        18.0,
        18.5,
        19.0,
        19.5,
        20.0,
        20.5,
        21.0,
        21.5,
        22.0,
        22.5,
        23.0,
        23.5,
        24.0,
        24.5,
        25.0,
        25.5,
        26.0,
        26.5,
        27.0,
        27.5,
        28.0,
        28.5,
        29.0,
        29.5,
        30.0,
        30.5
    ],
    "bandwidths": [
        0.1,
        0.1,
        0.24,
        1.08,
        1.56,
        1.872,
        1.872,
        2.208,
        2.256,
        2.496,
        2.736,
        2.88,
        3.36,
        3.456,
        3.888,
        4.68,
        5.64,
        6.816,
        7.344,
        9.432,
        10.488,
        11.784,
        11.64,
        10.704,
        7.872,
        11.688,
        10.944,
        13.056,
        13.368,
        13.848,
        16.248,
        14.832,
        8.784,
        12.312,
        9.216,
        7.272,
        5.064,
        5.376,
        6.384,
        9.816,
        8.64,
        10.056,
        10.704,
        11.328,
        9.504,
        7.008,
        7.776,
        8.496,
        8.064,
        9.168,
        9.0,
        9.216,
        9.288,
        8.616,
        7.272,
        8.088,
        7.896,
        8.304,
        9.432,
        8.544,
        9.048,
        2.904
    ],
    "delays": [
        135.5735
    ],
    "loss": 0,
    "queue": 10,
    "delay_noise": 0
}