{
    "timestamps": [
        0.0,
        0.5,
        1.0,
        1.5,
        2.0,
        2.5,
        3.0,
        3.5,
        4.0,
        4.5,
        5.0,
        5.5,
        6.0,
        6.5,
        7.0,
        7.5,
        8.0,
        8.5,
        9.0,
        9.5,
        10.0,
        10.5,
        11.0,
        11.5,
        12.0,
        12.5,
        13.0,
        13.5,
        14.0,
        14.5,
        15.0,
        15.5,
        16.0,
        16.5,
        17.0,
        17.5,
        18.0,
        18.5,
        19.0,
        19.5,
        20.0,
        20.5,
        21.0,
        21.5,
        22.0,
        22.5,
        23.0,
        23.5,
        24.0,
        24.5,
        25.0,
        25.5,
        26.0,
        26.5,
        27.0,
        27.5,
        28.0,
        28.5,
        29.0,
        29.5,
        30.0
    ],
    "bandwidths": [
        0.1,
        0.238032,
        0.72,
        1.248,
        8.832,
        3.072,
        3.144,
        9.576,
        3.72,
        7.08,
        3.744,
        6.936,
        5.928,
        5.184,
        6.768,
        3.72,
        6.576,
        3.0,
        6.24,
        4.776,
        4.704,
        4.992,
        6.144,
        5.064,
        5.232,
        5.448,
        4.68,
        4.008,
        5.232,
        4.2,
        4.128,
        4.632,
        3.48,
        4.176,
        4.056,
        3.792,
        4.8,
        3.504,
        3.744,
        3.912,
        2.28,
        4.32,
        2.28,
        4.32,
        3.408,
        3.072,
        3.576,
        2.448,
        3.384,
        3.168,
        2.856,
        2.976,
        2.664,
        3.144,
        2.904,
        3.024,
        3.096,
        2.952,
        2.784,
        3.504,
        0.816
    ],
    "delays": [
        135.732
    ],
    "loss": 0,
    "queue": 10,
    "delay_noise": 0
}