{
    "timestamps": [
        0.0,
        0.5,
        1.0,
        1.5,
        2.0,
        2.5,
        3.0,
        3.5,
        4.0,
        4.5,
        5.0,
        5.5,
        6.0,
        6.5,
        7.0,
        7.5,
        8.0,
        8.5,
        9.0,
        9.5,
        10.0,
        10.5,
        11.0,
        11.5,
        12.0,
        12.5,
        13.0,
        13.5,
        14.0,
        14.5,
        15.0,
        15.5,
        16.0,
        16.5,
        17.0,
        17.5,
        18.0,
        18.5,
        19.0,
        19.5,
        20.0,
        20.5,
        21.0,
        21.5,
        22.0,
        22.5,
        23.0,
        23.5,
        24.0,
        24.5,
        25.0,
        25.5,
        26.0,
        26.5,
        27.0,
        27.5,
        28.0,
        28.5,
        29.0,
        29.5,
        30.0
    ],
    "bandwidths": [
        0.1,
        0.478032,
        0.1,
        1.416,
        0.72,
        1.92,
        2.4,
        4.584,
        2.424,
        5.016,
        3.96,
        4.032,
        3.984,
        3.696,
        5.04,
        4.368,
        3.6,
        3.912,
        4.296,
        3.96,
        3.648,
        4.2,
        4.152,
        3.36,
        4.08,
        3.648,
        3.432,
        3.768,
        3.456,
        3.408,
        3.816,
        3.024,
        3.192,
        3.36,
        3.024,
        3.072,
        3.288,
        3.24,
        3.312,
        2.448,
        3.84,
        1.92,
        3.672,
        1.848,
        3.84,
        1.92,
        3.6,
        1.92,
        3.84,
        2.472,
        3.048,
        3.048,
        2.472,
        3.696,
        1.68,
        3.84,
        1.728,
        3.792,
        3.6,
        1.92,
        0.336
    ],
    "delays": [
        137.0725
    ],
    "loss": 0,
    "queue": 10,
    "delay_noise": 0
}