{
    "timestamps": [
        0.0,
        0.5,
        1.0,
        1.5,
        2.0,
        2.5,
        3.0,
        3.5,
        4.0,
        4.5,
        5.0,
        5.5,
        6.0,
        6.5,
        7.0,
        7.5,
        8.0,
        8.5,
        9.0,
        9.5,
        10.0,
        10.5,
        11.0,
        11.5,
        12.0,
        12.5,
        13.0,
        13.5,
        14.0,
        14.5,
        15.0,
        15.5,
        16.0,
        16.5,
        17.0,
        17.5,
        18.0,
        18.5,
        19.0,
        19.5,
        20.0,
        20.5,
        21.0,
        21.5,
        22.0,
        22.5,
        23.0,
        23.5,
        24.0,
        24.5,
        25.0,
        25.5,
        26.0,
        26.5,
        27.0,
        27.5,
        28.0,
        28.5,
        29.0,
        29.5,
        30.0,
        30.5
    ],
    "bandwidths": [
        0.1,
        0.1,
        0.24,
        1.104,
        2.76,
        3.36,
        3.24,
        3.384,
        3.504,
        3.408,
        3.72,
        3.504,
        3.672,
        3.816,
        3.864,
        3.816,
        4.056,
        3.768,
        3.864,
        4.272,
        3.864,
        4.104,
        4.272,
        3.912,
        4.368,
        4.08,
        4.584,
        3.768,
        4.416,
        4.032,
        4.2,
        4.368,
        4.56,
        4.368,
        4.68,
        4.44,
        4.776,
        4.536,
        4.584,
        4.68,
        4.584,
        4.2,
        4.968,
        4.536,
        4.584,
        4.992,
        4.704,
        4.872,
        4.872,
        4.464,
        4.944,
        4.296,
        5.256,
        4.464,
        5.328,
        4.968,
        4.92,
        5.232,
        4.992,
        5.184,
        5.064,
        1.416
    ],
    "delays": [
        136.00150000000002
    ],
    "loss": 0,
    "queue": 10,
    "delay_noise": 0
}