{
    "timestamps": [
        0.0,
        0.5,
        1.0,
        1.5,
        2.0,
        2.5,
        3.0,
        3.5,
        4.0,
        4.5,
        5.0,
        5.5,
        6.0,
        6.5,
        7.0,
        7.5,
        8.0,
        8.5,
        9.0,
        9.5,
        10.0,
        10.5,
        11.0,
        11.5,
        12.0,
        12.5,
        13.0,
        13.5,
        14.0,
        14.5,
        15.0,
        15.5,
        16.0,
        16.5,
        17.0,
        17.5,
        18.0,
        18.5,
        19.0,
        19.5,
        20.0,
        20.5,
        21.0,
        21.5,
        22.0,
        22.5,
        23.0,
        23.5,
        24.0,
        24.5,
        25.0,
        25.5,
        26.0,
        26.5,
        27.0,
        27.5,
        28.0,
        28.5,
        29.0,
        29.5,
        30.0,
        30.5
    ],
    "bandwidths": [
        0.1,
        0.1,
        0.24,
        1.2,
        3.144,
        8.976,
        9.936,
        9.408,
        9.768,
        7.2,
        10.752,
        10.344,
        10.104,
        5.448,
        5.424,
        3.936,
        3.312,
        2.736,
        2.184,
        2.76,
        3.12,
        3.144,
        3.216,
        3.384,
        3.24,
        3.36,
        3.504,
        3.264,
        3.432,
        3.6,
        3.456,
        3.528,
        3.648,
        3.648,
        4.032,
        3.792,
        3.936,
        3.384,
        3.84,
        3.912,
        4.032,
        3.48,
        4.032,
        4.032,
        4.008,
        4.2,
        3.864,
        4.224,
        4.176,
        4.296,
        4.416,
        4.464,
        4.56,
        4.536,
        4.584,
        4.536,
        4.656,
        4.584,
        4.416,
        4.2,
        4.896,
        1.344
    ],
    "delays": [
        137.1255
    ],
    "loss": 0,
    "queue": 10,
    "delay_noise": 0
}