{
    "timestamps": [
        0.0,
        0.5,
        1.0,
        1.5,
        2.0,
        2.5,
        3.0,
        3.5,
        4.0,
        4.5,
        5.0,
        5.5,
        6.0,
        6.5,
        7.0,
        7.5,
        8.0,
        8.5,
        9.0,
        9.5,
        10.0,
        10.5,
        11.0,
        11.5,
        12.0,
        12.5,
        13.0,
        13.5,
        14.0,
        14.5,
        15.0,
        15.5,
        16.0,
        16.5,
        17.0,
        17.5,
        18.0,
        18.5,
        19.0,
        19.5,
        20.0,
        20.5,
        21.0,
        21.5,
        22.0,
        22.5,
        23.0,
        23.5,
        24.0,
        24.5,
        25.0,
        25.5,
        26.0,
        26.5,
        27.0,
        27.5,
        28.0,
        28.5,
        29.0,
        29.5,
        30.0
    ],
    "bandwidths": [
        0.1,
        3.674944,
        8.328,
        11.904,
        14.16,
        13.944,
        12.336,
        7.608,
        9.024,
        9.12,
        5.496,
        7.2,
        6.84,
        6.648,
        6.552,
        10.704,
        14.232,
        11.616,
        10.272,
        16.368,
        9.528,
        9.504,
        8.016,
        7.656,
        5.904,
        4.8,
        2.736,
        4.776,
        6.864,
        5.376,
        6.12,
        4.656,
        5.736,
        6.024,
        6.72,
        8.52,
        8.592,
        7.176,
        4.104,
        7.536,
        5.712,
        8.88,
        4.944,
        10.104,
        10.824,
        8.76,
        7.392,
        9.816,
        13.968,
        9.504,
        9.456,
        9.432,
        9.696,
        9.72,
        12.504,
        11.28,
        13.608,
        10.68,
        13.272,
        5.424,
        1.128
    ],
    "delays": [
        14.7555
    ],
    "loss": 0,
    "queue": 10,
    "delay_noise": 0
}