{
    "timestamps": [
        0.0,
        0.5,
        1.0,
        1.5,
        2.0,
        2.5,
        3.0,
        3.5,
        4.0,
        4.5,
        5.0,
        5.5,
        6.0,
        6.5,
        7.0,
        7.5,
        8.0,
        8.5,
        9.0,
        9.5,
        10.0,
        10.5,
        11.0,
        11.5,
        12.0,
        12.5,
        13.0,
        13.5,
        14.0,
        14.5,
        15.0,
        15.5,
        16.0,
        16.5,
        17.0,
        17.5,
        18.0,
        18.5,
        19.0,
        19.5,
        20.0,
        20.5,
        21.0,
        21.5,
        22.0,
        22.5,
        23.0,
        23.5,
        24.0,
        24.5,
        25.0,
        25.5,
        26.0,
        26.5,
        27.0,
        27.5,
        28.0,
        28.5,
        29.0,
        29.5,
        30.0,
        30.5
    ],
    "bandwidths": [
        0.1,
        3.026944,
        4.704,
        4.416,
        6.0,
        5.784,
        7.08,
        6.168,
        8.136,
        3.192,
        3.96,
        4.128,
        6.456,
        3.864,
        3.0,
        4.776,
        5.568,
        3.336,
        5.496,
        3.744,
        5.808,
        4.248,
        6.048,
        8.28,
        9.792,
        8.016,
        7.848,
        4.944,
        5.256,
        7.944,
        6.6,
        8.064,
        5.976,
        5.4,
        6.888,
        6.264,
        5.112,
        6.096,
        7.44,
        9.648,
        16.488,
        11.568,
        11.328,
        10.728,
        7.56,
        10.152,
        17.04,
        8.568,
        8.016,
        9.672,
        10.296,
        5.88,
        4.272,
        8.232,
        10.104,
        14.496,
        9.0,
        6.384,
        4.8,
        3.84,
        13.368,
        0.216
    ],
    "delays": [
        15.0425
    ],
    "loss": 0,
    "queue": 10,
    "delay_noise": 0
}