{
    "timestamps": [
        0.0,
        0.5,
        1.0,
        1.5,
        2.0,
        2.5,
        3.0,
        3.5,
        4.0,
        4.5,
        5.0,
        5.5,
        6.0,
        6.5,
        7.0,
        7.5,
        8.0,
        8.5,
        9.0,
        9.5,
        10.0,
        10.5,
        11.0,
        11.5,
        12.0,
        12.5,
        13.0,
        13.5,
        14.0,
        14.5,
        15.0,
        15.5,
        16.0,
        16.5,
        17.0,
        17.5,
        18.0,
        18.5,
        19.0,
        19.5,
        20.0,
        20.5,
        21.0,
        21.5,
        22.0,
        22.5,
        23.0,
        23.5,
        24.0,
        24.5,
        25.0,
        25.5,
        26.0,
        26.5,
        27.0,
        27.5,
        28.0,
        28.5,
        29.0,
        29.5,
        30.0,
        30.5
    ],
    "bandwidths": [
        0.1,
        7.202944,
        9.552,
        11.016,
        6.744,
        3.24,
        6.216,
        6.768,
        7.584,
        7.416,
        11.832,
        10.224,
        5.616,
        6.096,
        2.928,
        5.088,
        8.664,
        4.704,
        6.336,
        6.792,
        11.376,
        9.72,
        7.848,
        10.8,
        9.288,
        5.904,
        3.912,
        3.48,
        5.256,
        4.92,
        9.0,
        7.968,
        11.592,
        8.592,
        3.72,
        6.384,
        8.424,
        5.28,
        5.352,
        11.76,
        10.752,
        13.872,
        13.272,
        13.68,
        16.752,
        12.936,
        15.768,
        11.856,
        8.976,
        14.016,
        13.32,
        8.304,
        14.472,
        11.712,
        16.776,
        13.08,
        7.944,
        4.416,
        4.968,
        9.336,
        10.464,
        0.312
    ],
    "delays": [
        14.947
    ],
    "loss": 0,
    "queue": 10,
    "delay_noise": 0
}