{
    "timestamps": [
        0.0,
        0.5,
        1.0,
        1.5,
        2.0,
        2.5,
        3.0,
        3.5,
        4.0,
        4.5,
        5.0,
        5.5,
        6.0,
        6.5,
        7.0,
        7.5,
        8.0,
        8.5,
        9.0,
        9.5,
        10.0,
        10.5,
        11.0,
        11.5,
        12.0,
        12.5,
        13.0,
        13.5,
        14.0,
        14.5,
        15.0,
        15.5,
        16.0,
        16.5,
        17.0,
        17.5,
        18.0,
        18.5,
        19.0,
        19.5,
        20.0,
        20.5,
        21.0,
        21.5,
        22.0,
        22.5,
        23.0,
        23.5,
        24.0,
        24.5,
        25.0,
        25.5,
        26.0,
        26.5,
        27.0,
        27.5,
        28.0,
        28.5,
        29.0,
        29.5,
        30.0
    ],
    "bandwidths": [
        0.1,
        7.942032,
        12.12,
        8.376,
        6.552,
        6.168,
        4.392,
        4.152,
        4.224,
        4.008,
        4.536,
        4.392,
        2.664,
        4.032,
        2.64,
        2.256,
        2.544,
        2.424,
        2.352,
        2.376,
        2.424,
        2.496,
        2.28,
        2.352,
        2.208,
        2.544,
        2.496,
        2.328,
        2.64,
        2.376,
        2.52,
        2.472,
        2.376,
        2.304,
        2.4,
        2.448,
        2.376,
        2.4,
        2.376,
        2.4,
        2.352,
        2.304,
        2.496,
        2.496,
        2.4,
        2.472,
        2.304,
        2.592,
        2.208,
        2.376,
        2.304,
        2.328,
        2.352,
        2.472,
        2.496,
        2.352,
        2.208,
        2.448,
        2.328,
        2.568,
        1.08
    ],
    "delays": [
        14.7995
    ],
    "loss": 0,
    "queue": 10,
    "delay_noise": 0
}