{
    "timestamps": [
        0.0,
        0.5,
        1.0,
        1.5,
        2.0,
        2.5,
        3.0,
        3.5,
        4.0,
        4.5,
        5.0,
        5.5,
        6.0,
        6.5,
        7.0,
        7.5,
        8.0,
        8.5,
        9.0,
        9.5,
        10.0,
        10.5,
        11.0,
        11.5,
        12.0,
        12.5,
        13.0,
        13.5,
        14.0,
        14.5,
        15.0,
        15.5,
        16.0,
        16.5,
        17.0,
        17.5,
        18.0,
        18.5,
        19.0,
        19.5,
        20.0,
        20.5,
        21.0,
        21.5,
        22.0,
        22.5,
        23.0,
        23.5,
        24.0,
        24.5,
        25.0,
        25.5,
        26.0,
        26.5,
        27.0,
        27.5,
        28.0,
        28.5,
        29.0,
        29.5,
        30.0,
        30.5
    ],
    "bandwidths": [
        0.1,
        3.722944,
        6.576,
        7.08,
        6.144,
        6.768,
        7.032,
        6.192,
        6.144,
        5.832,
        4.56,
        4.104,
        4.296,
        4.44,
        3.6,
        2.712,
        2.328,
        2.592,
        2.472,
        2.136,
        2.352,
        2.592,
        2.232,
        2.568,
        2.88,
        2.808,
        2.952,
        2.784,
        2.736,
        2.52,
        2.808,
        2.952,
        2.808,
        2.664,
        1.8,
        1.464,
        1.968,
        2.304,
        2.352,
        2.304,
        2.424,
        2.448,
        1.656,
        1.8,
        1.416,
        1.224,
        1.224,
        1.8,
        1.68,
        1.944,
        2.16,
        2.016,
        2.136,
        1.728,
        1.704,
        1.872,
        1.944,
        1.944,
        1.992,
        1.872,
        1.968,
        0.1
    ],
    "delays": [
        17.4105
    ],
    "loss": 0,
    "queue": 10,
    "delay_noise": 0
}