{
    "timestamps": [
        0.0,
        0.5,
        1.0,
        1.5,
        2.0,
        2.5,
        3.0,
        3.5,
        4.0,
        4.5,
        5.0,
        5.5,
        6.0,
        6.5,
        7.0,
        7.5,
        8.0,
        8.5,
        9.0,
        9.5,
        10.0,
        10.5,
        11.0,
        11.5,
        12.0,
        12.5,
        13.0,
        13.5,
        14.0,
        14.5,
        15.0,
        15.5,
        16.0,
        16.5,
        17.0,
        17.5,
        18.0,
        18.5,
        19.0,
        19.5,
        20.0,
        20.5,
        21.0,
        21.5,
        22.0,
        22.5,
        23.0,
        23.5,
        24.0,
        24.5,
        25.0,
        25.5,
        26.0,
        26.5,
        27.0,
        27.5,
        28.0,
        28.5,
        29.0,
        29.5,
        30.0,
        30.5
    ],
    "bandwidths": [
        0.1,
        1.778944,
        7.68,
        8.208,
        7.56,
        7.464,
        8.016,
        7.296,
        6.888,
        6.312,
        6.432,
        6.192,
        5.232,
        5.28,
        4.344,
        4.176,
        3.384,
        3.0,
        3.048,
        3.216,
        2.736,
        2.76,
        2.52,
        2.64,
        2.616,
        2.424,
        2.904,
        3.336,
        3.144,
        2.736,
        2.448,
        2.208,
        2.208,
        2.376,
        2.4,
        2.52,
        2.64,
        2.304,
        2.4,
        2.928,
        3.168,
        2.856,
        3.0,
        3.168,
        2.568,
        2.4,
        2.064,
        2.304,
        2.664,
        2.928,
        2.76,
        2.784,
        2.736,
        2.472,
        3.144,
        3.84,
        2.904,
        3.024,
        3.264,
        3.528,
        3.288,
        0.144
    ],
    "delays": [
        14.826
    ],
    "loss": 0,
    "queue": 10,
    "delay_noise": 0
}