{
    "timestamps": [
        0.0,
        0.5,
        1.0,
        1.5,
        2.0,
        2.5,
        3.0,
        3.5,
        4.0,
        4.5,
        5.0,
        5.5,
        6.0,
        6.5,
        7.0,
        7.5,
        8.0,
        8.5,
        9.0,
        9.5,
        10.0,
        10.5,
        11.0,
        11.5,
        12.0,
        12.5,
        13.0,
        13.5,
        14.0,
        14.5,
        15.0,
        15.5,
        16.0,
        16.5,
        17.0,
        17.5,
        18.0,
        18.5,
        19.0,
        19.5,
        20.0,
        20.5,
        21.0,
        21.5,
        22.0,
        22.5,
        23.0,
        23.5,
        24.0,
        24.5,
        25.0,
        25.5,
        26.0,
        26.5,
        27.0,
        27.5,
        28.0,
        28.5,
        29.0
    ],
    "bandwidths": [
        0.1,
        0.1,
        0.1,
        0.1,
        0.1,
        0.34312,
        0.475104,
        0.972832,
        1.200704,
        1.040704,
        0.927584,
        0.814464,
        0.995456,
        1.1312,
        1.199072,
        0.610848,
        0.610848,
        0.67872,
        0.520352,
        0.384608,
        0.542976,
        0.384608,
        0.33936,
        0.361984,
        0.316736,
        0.407232,
        0.384608,
        0.45248,
        0.90496,
        0.995456,
        1.040704,
        0.927584,
        0.972832,
        0.950208,
        0.927584,
        1.01808,
        1.085952,
        0.475104,
        0.746592,
        1.176448,
        1.01808,
        0.972832,
        1.153824,
        0.950208,
        0.90496,
        0.837088,
        0.950208,
        1.108576,
        0.769216,
        0.927584,
        0.814464,
        0.882336,
        0.814464,
        0.475104,
        0.248864,
        0.361984,
        0.407232,
        0.203616,
        0.1
    ],
    "delays": [
        116.38149999999999
    ],
    "loss": 0,
    "queue": 10,
    "delay_noise": 0,
    "T_s": 0
}