{
    "timestamps": [
        0.0,
        0.5,
        1.0,
        1.5,
        2.0,
        2.5,
        3.0,
        3.5,
        4.0,
        4.5,
        5.0,
        5.5,
        6.0,
        6.5,
        7.0,
        7.5,
        8.0,
        8.5,
        9.0,
        9.5,
        10.0,
        10.5,
        11.0,
        11.5,
        12.0,
        12.5,
        13.0,
        13.5,
        14.0,
        14.5,
        15.0,
        15.5,
        16.0,
        16.5,
        17.0,
        17.5,
        18.0,
        18.5,
        19.0,
        19.5,
        20.0,
        20.5,
        21.0,
        21.5,
        22.0,
        22.5,
        23.0,
        23.5,
        24.0,
        24.5,
        25.0,
        25.5,
        26.0,
        26.5,
        27.0,
        27.5,
        28.0,
        28.5,
        29.0,
        29.5,
        30.0,
        30.5
    ],
    "bandwidths": [
        0.1,
        2.762944,
        8.688,
        4.92,
        2.424,
        5.184,
        4.872,
        7.776,
        4.104,
        4.944,
        5.472,
        3.384,
        1.008,
        3.384,
        1.92,
        1.752,
        3.192,
        3.888,
        2.976,
        2.4,
        2.52,
        2.64,
        2.424,
        5.016,
        7.608,
        6.624,
        9.672,
        5.952,
        8.448,
        6.552,
        6.84,
        6.504,
        4.968,
        7.728,
        9.384,
        10.464,
        11.976,
        8.208,
        12.888,
        7.368,
        5.544,
        9.432,
        5.496,
        5.976,
        4.056,
        4.056,
        2.064,
        6.264,
        8.64,
        12.408,
        10.32,
        8.52,
        9.0,
        11.232,
        7.248,
        14.04,
        12.648,
        6.768,
        8.736,
        9.432,
        10.512,
        0.192
    ],
    "delays": [
        14.8445
    ],
    "loss": 0,
    "queue": 10,
    "delay_noise": 0
}