{
    "timestamps": [
        0.0,
        0.5,
        1.0,
        1.5,
        2.0,
        2.5,
        3.0,
        3.5,
        4.0,
        4.5,
        5.0,
        5.5,
        6.0,
        6.5,
        7.0,
        7.5,
        8.0,
        8.5,
        9.0,
        9.5,
        10.0,
        10.5,
        11.0,
        11.5,
        12.0,
        12.5,
        13.0,
        13.5,
        14.0,
        14.5,
        15.0,
        15.5,
        16.0,
        16.5,
        17.0,
        17.5,
        18.0,
        18.5,
        19.0,
        19.5,
        20.0,
        20.5,
        21.0,
        21.5,
        22.0,
        22.5,
        23.0,
        23.5,
        24.0,
        24.5,
        25.0,
        25.5,
        26.0,
        26.5,
        27.0,
        27.5,
        28.0,
        28.5,
        29.0,
        29.5,
        30.0
    ],
    "bandwidths": [
        0.1,
        7.130944,
        4.512,
        4.608,
        5.112,
        3.6,
        3.96,
        6.552,
        4.68,
        6.576,
        6.696,
        4.92,
        7.728,
        7.464,
        7.2,
        7.944,
        6.168,
        5.352,
        3.816,
        6.288,
        4.824,
        4.68,
        4.776,
        4.44,
        4.608,
        3.192,
        4.056,
        3.528,
        2.832,
        3.552,
        3.912,
        4.848,
        6.24,
        3.264,
        4.8,
        7.08,
        4.968,
        5.592,
        5.304,
        7.128,
        5.52,
        5.856,
        5.928,
        7.488,
        7.608,
        4.872,
        5.64,
        4.968,
        5.064,
        4.656,
        4.056,
        5.88,
        6.6,
        3.696,
        4.704,
        6.24,
        7.632,
        4.92,
        8.28,
        8.016,
        3.984
    ],
    "delays": [
        14.743
    ],
    "loss": 0,
    "queue": 10,
    "delay_noise": 0
}