{
    "timestamps": [
        0.0,
        0.5,
        1.0,
        1.5,
        2.0,
        2.5,
        3.0,
        3.5,
        4.0,
        4.5,
        5.0,
        5.5,
        6.0,
        6.5,
        7.0,
        7.5,
        8.0,
        8.5,
        9.0,
        9.5,
        10.0,
        10.5,
        11.0,
        11.5,
        12.0,
        12.5,
        13.0,
        13.5,
        14.0,
        14.5,
        15.0,
        15.5,
        16.0,
        16.5,
        17.0,
        17.5,
        18.0,
        18.5,
        19.0,
        19.5,
        20.0,
        20.5,
        21.0,
        21.5,
        22.0,
        22.5,
        23.0,
        23.5,
        24.0,
        24.5,
        25.0,
        25.5,
        26.0,
        26.5,
        27.0,
        27.5,
        28.0,
        28.5,
        29.0,
        29.5,
        30.0
    ],
    "bandwidths": [
        0.1,
        5.522944,
        9.744,
        7.056,
        13.416,
        11.88,
        21.744,
        18.12,
        25.968,
        23.088,
        16.824,
        14.688,
        9.552,
        13.056,
        9.696,
        9.6,
        9.84,
        14.04,
        19.872,
        22.32,
        18.672,
        20.112,
        10.272,
        8.136,
        12.504,
        11.088,
        9.816,
        4.704,
        6.144,
        9.072,
        8.424,
        14.28,
        19.824,
        7.176,
        7.824,
        10.128,
        17.376,
        16.176,
        19.008,
        8.016,
        10.536,
        9.984,
        10.056,
        6.096,
        7.632,
        4.992,
        3.216,
        5.736,
        9.648,
        14.256,
        15.936,
        21.936,
        21.552,
        24.528,
        11.04,
        14.856,
        23.016,
        24.84,
        18.648,
        23.784,
        27.528
    ],
    "delays": [
        14.6675
    ],
    "loss": 0,
    "queue": 10,
    "delay_noise": 0
}