{
    "timestamps": [
        0.0,
        0.5,
        1.0,
        1.5,
        2.0,
        2.5,
        3.0,
        3.5,
        4.0,
        4.5,
        5.0,
        5.5,
        6.0,
        6.5,
        7.0,
        7.5,
        8.0,
        8.5,
        9.0,
        9.5,
        10.0,
        10.5,
        11.0,
        11.5,
        12.0,
        12.5,
        13.0,
        13.5,
        14.0,
        14.5,
        15.0,
        15.5,
        16.0,
        16.5,
        17.0,
        17.5,
        18.0,
        18.5,
        19.0,
        19.5,
        20.0,
        20.5,
        21.0,
        21.5,
        22.0,
        22.5,
        23.0,
        23.5,
        24.0,
        24.5,
        25.0,
        25.5,
        26.0,
        26.5,
        27.0,
        27.5,
        28.0,
        28.5,
        29.0,
        29.5,
        30.0,
        30.5
    ],
    "bandwidths": [
        0.1,
        4.346944,
        9.816,
        11.04,
        11.784,
        11.472,
        10.416,
        7.944,
        9.696,
        13.2,
        13.728,
        19.104,
        15.24,
        12.816,
        17.376,
        17.016,
        5.904,
        10.488,
        8.856,
        7.752,
        10.464,
        12.84,
        11.424,
        10.512,
        16.416,
        11.472,
        7.56,
        3.888,
        7.344,
        6.984,
        5.52,
        4.848,
        6.0,
        6.408,
        6.48,
        5.736,
        7.032,
        4.512,
        2.976,
        2.616,
        6.936,
        7.68,
        8.04,
        8.88,
        4.464,
        5.808,
        5.04,
        4.128,
        5.184,
        6.864,
        9.12,
        10.32,
        7.584,
        8.928,
        13.032,
        13.368,
        9.36,
        7.08,
        8.736,
        9.624,
        19.368,
        0.576
    ],
    "delays": [
        14.7325
    ],
    "loss": 0,
    "queue": 10,
    "delay_noise": 0
}