{
    "timestamps": [
        0.0,
        0.5,
        1.0,
        1.5,
        2.0,
        2.5,
        3.0,
        3.5,
        4.0,
        4.5,
        5.0,
        5.5,
        6.0,
        6.5,
        7.0,
        7.5,
        8.0,
        8.5,
        9.0,
        9.5,
        10.0,
        10.5,
        11.0,
        11.5,
        12.0,
        12.5,
        13.0,
        13.5,
        14.0,
        14.5,
        15.0,
        15.5,
        16.0,
        16.5,
        17.0,
        17.5,
        18.0,
        18.5,
        19.0,
        19.5,
        20.0,
        20.5,
        21.0,
        21.5,
        22.0,
        22.5,
        23.0,
        23.5,
        24.0,
        24.5,
        25.0,
        25.5,
        26.0,
        26.5,
        27.0,
        27.5,
        28.0,
        28.5,
        29.0,
        29.5,
        30.0
    ],
    "bandwidths": [
        0.1,
        0.290944,
        8.928,
        14.208,
        14.784,
        13.872,
        21.456,
        29.904,
        37.56,
        27.768,
        20.496,
        26.112,
        31.392,
        18.744,
        29.256,
        22.656,
        16.752,
        19.656,
        15.816,
        14.424,
        23.376,
        24.792,
        30.912,
        29.328,
        30.912,
        30.6,
        22.056,
        24.336,
        27.864,
        26.4,
        25.632,
        10.992,
        8.352,
        15.6,
        11.064,
        15.408,
        15.36,
        16.2,
        9.672,
        13.992,
        9.48,
        4.92,
        8.784,
        8.424,
        9.6,
        16.896,
        8.952,
        14.76,
        13.56,
        12.456,
        7.224,
        6.024,
        5.568,
        7.2,
        8.208,
        6.72,
        8.28,
        14.376,
        18.624,
        16.56,
        19.56
    ],
    "delays": [
        14.697
    ],
    "loss": 0,
    "queue": 10,
    "delay_noise": 0
}