{
    "timestamps": [
        0.0,
        0.5,
        1.0,
        1.5,
        2.0,
        2.5,
        3.0,
        3.5,
        4.0,
        4.5,
        5.0,
        5.5,
        6.0,
        6.5,
        7.0,
        7.5,
        8.0,
        8.5,
        9.0,
        9.5,
        10.0,
        10.5,
        11.0,
        11.5,
        12.0,
        12.5,
        13.0,
        13.5,
        14.0,
        14.5,
        15.0,
        15.5,
        16.0,
        16.5,
        17.0,
        17.5,
        18.0,
        18.5,
        19.0,
        19.5,
        20.0,
        20.5,
        21.0,
        21.5,
        22.0,
        22.5,
        23.0,
        23.5,
        24.0,
        24.5,
        25.0,
        25.5,
        26.0,
        26.5,
        27.0,
        27.5,
        28.0,
        28.5,
        29.0,
        29.5,
        30.0
    ],
    "bandwidths": [
        0.1,
        4.634944,
        18.888,
        20.256,
        10.824,
        14.328,
        24.984,
        18.6,
        15.672,
        17.856,
        25.776,
        27.288,
        27.912,
        26.232,
        27.072,
        21.12,
        27.504,
        27.12,
        20.208,
        25.848,
        21.456,
        21.768,
        28.824,
        26.736,
        23.496,
        20.76,
        27.744,
        22.536,
        18.12,
        17.664,
        20.928,
        16.92,
        10.92,
        11.688,
        19.656,
        16.224,
        26.688,
        24.48,
        21.216,
        26.592,
        24.24,
        20.472,
        22.56,
        22.416,
        20.304,
        18.912,
        19.68,
        19.752,
        15.24,
        18.264,
        17.016,
        13.68,
        14.64,
        20.424,
        15.552,
        13.368,
        14.76,
        15.12,
        14.568,
        17.136,
        21.648
    ],
    "delays": [
        14.702
    ],
    "loss": 0,
    "queue": 10,
    "delay_noise": 0
}