{
    "timestamps": [
        0.0,
        0.5,
        1.0,
        1.5,
        2.0,
        2.5,
        3.0,
        3.5,
        4.0,
        4.5,
        5.0,
        5.5,
        6.0,
        6.5,
        7.0,
        7.5,
        8.0,
        8.5,
        9.0,
        9.5,
        10.0,
        10.5,
        11.0,
        11.5,
        12.0,
        12.5,
        13.0,
        13.5,
        14.0,
        14.5,
        15.0,
        15.5,
        16.0,
        16.5,
        17.0,
        17.5,
        18.0,
        18.5,
        19.0,
        19.5,
        20.0,
        20.5,
        21.0,
        21.5,
        22.0,
        22.5,
        23.0,
        23.5,
        24.0,
        24.5,
        25.0,
        25.5,
        26.0,
        26.5,
        27.0,
        27.5,
        28.0,
        28.5,
        29.0,
        29.5,
        30.0
    ],
    "bandwidths": [
        0.1,
        7.030032,
        8.904,
        5.64,
        5.4,
        5.712,
        4.584,
        4.296,
        4.848,
        4.032,
        3.888,
        3.96,
        4.008,
        3.984,
        3.84,
        3.48,
        4.248,
        2.424,
        3.888,
        3.288,
        3.432,
        3.264,
        2.592,
        4.128,
        2.28,
        2.304,
        2.544,
        2.088,
        2.232,
        2.592,
        2.52,
        2.544,
        2.184,
        2.4,
        2.136,
        2.184,
        2.208,
        1.92,
        2.04,
        2.184,
        2.184,
        2.28,
        2.112,
        2.088,
        2.16,
        2.088,
        1.752,
        2.064,
        2.256,
        2.136,
        2.232,
        2.064,
        1.992,
        2.016,
        2.04,
        2.232,
        1.752,
        1.8,
        2.184,
        2.088,
        1.272
    ],
    "delays": [
        17.473
    ],
    "loss": 0,
    "queue": 10,
    "delay_noise": 0
}