{
    "timestamps": [
        0.0,
        0.5,
        1.0,
        1.5,
        2.0,
        2.5,
        3.0,
        3.5,
        4.0,
        4.5,
        5.0,
        5.5,
        6.0,
        6.5,
        7.0,
        7.5,
        8.0,
        8.5,
        9.0,
        9.5,
        10.0,
        10.5,
        11.0,
        11.5,
        12.0,
        12.5,
        13.0,
        13.5,
        14.0,
        14.5,
        15.0,
        15.5,
        16.0,
        16.5,
        17.0,
        17.5,
        18.0,
        18.5,
        19.0,
        19.5,
        20.0,
        20.5,
        21.0,
        21.5,
        22.0,
        22.5,
        23.0,
        23.5,
        24.0,
        24.5,
        25.0,
        25.5,
        26.0,
        26.5,
        27.0,
        27.5,
        28.0,
        28.5,
        29.0,
        29.5,
        30.0,
        30.5
    ],
    "bandwidths": [
        0.1,
        0.212448,
        3.143104,
        7.294816,
        10.273728,
        12.736608,
        14.261248,
        16.208096,
        12.994624,
        15.434048,
        18.225312,
        9.3824,
        9.288576,
        19.656128,
        13.393376,
        24.417696,
        26.716384,
        29.155808,
        25.56704,
        12.337856,
        10.156448,
        14.988384,
        16.630304,
        13.83904,
        12.78352,
        11.84528,
        10.08608,
        11.02432,
        10.08608,
        6.872608,
        3.236928,
        2.637408,
        7.341728,
        6.708416,
        6.356576,
        8.233056,
        7.130624,
        7.412096,
        8.303424,
        9.3824,
        9.288576,
        13.064992,
        15.973536,
        20.570912,
        26.317632,
        24.886816,
        19.445024,
        23.667104,
        13.745216,
        21.040032,
        22.330112,
        16.4192,
        13.83904,
        8.838656,
        9.358944,
        8.702176,
        8.303424,
        6.849152,
        7.412096,
        10.179904,
        7.15408,
        0.422208
    ],
    "delays": [
        14.832999999999998
    ],
    "loss": 0,
    "queue": 10,
    "delay_noise": 0
}