{
    "timestamps": [
        0.0,
        0.5,
        1.0,
        1.5,
        2.0,
        2.5,
        3.0,
        3.5,
        4.0,
        4.5,
        5.0,
        5.5,
        6.0,
        6.5,
        7.0,
        7.5,
        8.0,
        8.5,
        9.0,
        9.5,
        10.0,
        10.5,
        11.0,
        11.5,
        12.0,
        12.5,
        13.0,
        13.5,
        14.0,
        14.5,
        15.0,
        15.5,
        16.0,
        16.5,
        17.0,
        17.5,
        18.0,
        18.5,
        19.0,
        19.5,
        20.0,
        20.5,
        21.0,
        21.5,
        22.0,
        22.5,
        23.0,
        23.5,
        24.0,
        24.5,
        25.0,
        25.5,
        26.0,
        26.5,
        27.0,
        27.5,
        28.0,
        28.5,
        29.0,
        29.5,
        30.0,
        30.5
    ],
    "bandwidths": [
        0.1,
        7.970944,
        8.112,
        6.936,
        7.248,
        5.856,
        2.064,
        2.832,
        4.608,
        4.632,
        4.488,
        3.912,
        3.672,
        4.08,
        3.408,
        3.048,
        3.432,
        3.312,
        2.376,
        3.36,
        3.408,
        2.64,
        3.336,
        3.696,
        3.264,
        3.12,
        3.408,
        3.408,
        2.88,
        3.096,
        2.04,
        2.184,
        1.152,
        0.96,
        1.104,
        1.296,
        1.944,
        1.584,
        1.488,
        1.8,
        2.112,
        2.16,
        2.544,
        2.736,
        1.56,
        1.704,
        1.968,
        1.32,
        1.368,
        1.32,
        1.584,
        1.752,
        1.944,
        2.04,
        2.016,
        1.992,
        1.92,
        2.184,
        2.064,
        2.016,
        2.04,
        0.1
    ],
    "delays": [
        14.7005
    ],
    "loss": 0,
    "queue": 10,
    "delay_noise": 0
}