{
    "timestamps": [
        0.0,
        0.5,
        1.0,
        1.5,
        2.0,
        2.5,
        3.0,
        3.5,
        4.0,
        4.5,
        5.0,
        5.5,
        6.0,
        6.5,
        7.0,
        7.5,
        8.0,
        8.5,
        9.0,
        9.5,
        10.0,
        10.5,
        11.0,
        11.5,
        12.0,
        12.5,
        13.0,
        13.5,
        14.0,
        14.5,
        15.0,
        15.5,
        16.0,
        16.5,
        17.0,
        17.5,
        18.0,
        18.5,
        19.0,
        19.5,
        20.0,
        20.5,
        21.0,
        21.5,
        22.0,
        22.5,
        23.0,
        23.5,
        24.0,
        24.5,
        25.0,
        25.5,
        26.0,
        26.5,
        27.0,
        27.5,
        28.0,
        28.5,
        29.0,
        29.5,
        30.0
    ],
    "bandwidths": [
        0.1,
        1.850944,
        2.832,
        2.28,
        2.472,
        2.304,
        2.736,
        3.144,
        3.048,
        2.544,
        1.992,
        1.944,
        2.136,
        1.704,
        1.992,
        2.952,
        2.64,
        2.88,
        1.872,
        2.4,
        3.504,
        2.088,
        1.056,
        1.632,
        1.752,
        2.112,
        2.256,
        1.992,
        2.352,
        1.776,
        1.632,
        1.8,
        1.896,
        1.92,
        1.92,
        1.896,
        1.704,
        1.704,
        1.872,
        1.92,
        1.824,
        1.68,
        1.08,
        0.672,
        0.864,
        1.08,
        1.392,
        1.2,
        1.056,
        0.936,
        0.888,
        0.936,
        0.816,
        0.816,
        0.792,
        0.984,
        0.888,
        1.032,
        0.576,
        0.84,
        0.744
    ],
    "delays": [
        31.441000000000003
    ],
    "loss": 0,
    "queue": 10,
    "delay_noise": 0
}