{
    "timestamps": [
        0.0,
        0.5,
        1.0,
        1.5,
        2.0,
        2.5,
        3.0,
        3.5,
        4.0,
        4.5,
        5.0,
        5.5,
        6.0,
        6.5,
        7.0,
        7.5,
        8.0,
        8.5,
        9.0,
        9.5,
        10.0,
        10.5,
        11.0,
        11.5,
        12.0,
        12.5,
        13.0,
        13.5,
        14.0,
        14.5,
        15.0,
        15.5,
        16.0,
        16.5,
        17.0,
        17.5,
        18.0,
        18.5,
        19.0,
        19.5,
        20.0,
        20.5,
        21.0,
        21.5,
        22.0,
        22.5,
        23.0,
        23.5,
        24.0,
        24.5,
        25.0,
        25.5,
        26.0,
        26.5,
        27.0,
        27.5,
        28.0,
        28.5,
        29.0,
        29.5,
        30.0
    ],
    "bandwidths": [
        0.1,
        1.346944,
        2.328,
        2.4,
        2.04,
        2.832,
        3.0,
        2.592,
        3.144,
        2.544,
        2.928,
        3.24,
        2.76,
        3.048,
        2.52,
        2.952,
        2.88,
        2.76,
        2.736,
        3.024,
        3.024,
        1.632,
        0.912,
        1.32,
        1.128,
        1.32,
        1.728,
        1.416,
        0.912,
        1.248,
        1.104,
        1.008,
        1.152,
        1.224,
        1.296,
        1.152,
        1.128,
        1.128,
        1.224,
        1.488,
        1.392,
        1.2,
        0.816,
        0.72,
        0.816,
        0.672,
        0.792,
        0.84,
        0.6,
        0.552,
        0.672,
        0.744,
        0.624,
        0.72,
        0.648,
        0.672,
        0.672,
        0.672,
        0.624,
        0.648,
        0.72
    ],
    "delays": [
        30.3345
    ],
    "loss": 0,
    "queue": 10,
    "delay_noise": 0
}