{
    "timestamps": [
        0.0,
        0.5,
        1.0,
        1.5,
        2.0,
        2.5,
        3.0,
        3.5,
        4.0,
        4.5,
        5.0,
        5.5,
        6.0,
        6.5,
        7.0,
        7.5,
        8.0,
        8.5,
        9.0,
        9.5,
        10.0,
        10.5,
        11.0,
        11.5,
        12.0,
        12.5,
        13.0,
        13.5,
        14.0,
        14.5,
        15.0,
        15.5,
        16.0,
        16.5,
        17.0,
        17.5,
        18.0,
        18.5,
        19.0,
        19.5,
        20.0,
        20.5,
        21.0,
        21.5,
        22.0,
        22.5,
        23.0,
        23.5,
        24.0,
        24.5,
        25.0,
        25.5,
        26.0,
        26.5,
        27.0,
        27.5,
        28.0,
        28.5,
        29.0,
        29.5,
        30.0
    ],
    "bandwidths": [
        0.1,
        1.490944,
        2.76,
        2.856,
        2.952,
        2.808,
        2.304,
        2.568,
        3.48,
        3.312,
        3.552,
        3.144,
        3.096,
        2.664,
        2.976,
        3.048,
        2.52,
        2.424,
        2.4,
        2.88,
        2.688,
        2.616,
        2.424,
        1.464,
        1.272,
        1.416,
        1.152,
        1.248,
        1.2,
        1.248,
        1.08,
        1.152,
        1.248,
        1.656,
        1.56,
        1.608,
        0.696,
        0.792,
        0.648,
        0.864,
        0.864,
        0.888,
        0.528,
        0.672,
        0.576,
        0.648,
        0.552,
        0.432,
        0.456,
        0.528,
        0.6,
        0.648,
        0.888,
        0.744,
        0.6,
        0.72,
        0.792,
        0.744,
        0.432,
        0.72,
        0.408
    ],
    "delays": [
        29.46
    ],
    "loss": 0,
    "queue": 10,
    "delay_noise": 0
}