{
    "timestamps": [
        0.0,
        0.5,
        1.0,
        1.5,
        2.0,
        2.5,
        3.0,
        3.5,
        4.0,
        4.5,
        5.0,
        5.5,
        6.0,
        6.5,
        7.0,
        7.5,
        8.0,
        8.5,
        9.0,
        9.5,
        10.0,
        10.5,
        11.0,
        11.5,
        12.0,
        12.5,
        13.0,
        13.5,
        14.0,
        14.5,
        15.0,
        15.5,
        16.0,
        16.5,
        17.0,
        17.5,
        18.0,
        18.5,
        19.0,
        19.5,
        20.0,
        20.5,
        21.0,
        21.5,
        22.0,
        22.5,
        23.0,
        23.5,
        24.0,
        24.5,
        25.0,
        25.5,
        26.0,
        26.5,
        27.0,
        27.5,
        28.0,
        28.5,
        29.0,
        29.5,
        30.0
    ],
    "bandwidths": [
        0.1,
        1.562944,
        3.912,
        3.816,
        2.808,
        2.856,
        3.072,
        3.36,
        3.936,
        4.032,
        3.72,
        3.528,
        3.864,
        3.768,
        4.056,
        3.768,
        3.96,
        3.528,
        4.128,
        4.08,
        4.008,
        3.768,
        3.312,
        2.52,
        1.944,
        1.752,
        1.944,
        2.4,
        2.88,
        3.024,
        3.072,
        2.736,
        2.328,
        2.184,
        2.616,
        2.472,
        2.52,
        2.304,
        2.208,
        2.04,
        2.04,
        1.992,
        1.992,
        1.584,
        1.056,
        1.296,
        0.864,
        0.936,
        1.104,
        0.816,
        0.84,
        0.912,
        1.056,
        1.032,
        1.032,
        0.984,
        0.912,
        1.008,
        1.056,
        1.104,
        0.96
    ],
    "delays": [
        35.1065
    ],
    "loss": 0,
    "queue": 10,
    "delay_noise": 0
}