{
    "timestamps": [
        0.0,
        0.5,
        1.0,
        1.5,
        2.0,
        2.5,
        3.0,
        3.5,
        4.0,
        4.5,
        5.0,
        5.5,
        6.0,
        6.5,
        7.0,
        7.5,
        8.0,
        8.5,
        9.0,
        9.5,
        10.0,
        10.5,
        11.0,
        11.5,
        12.0,
        12.5,
        13.0,
        13.5,
        14.0,
        14.5,
        15.0,
        15.5,
        16.0,
        16.5,
        17.0,
        17.5,
        18.0,
        18.5,
        19.0,
        19.5,
        20.0,
        20.5,
        21.0,
        21.5,
        22.0,
        22.5,
        23.0,
        23.5,
        24.0,
        24.5,
        25.0,
        25.5,
        26.0,
        26.5,
        27.0,
        27.5,
        28.0,
        28.5,
        29.0,
        29.5,
        30.0
    ],
    "bandwidths": [
        0.1,
        1.538944,
        2.784,
        2.52,
        3.144,
        3.144,
        2.856,
        3.096,
        3.24,
        3.312,
        2.856,
        3.192,
        2.904,
        3.12,
        3.168,
        2.784,
        3.024,
        3.264,
        3.168,
        2.544,
        2.448,
        2.184,
        2.112,
        1.848,
        1.416,
        1.656,
        1.488,
        1.536,
        1.08,
        1.584,
        1.512,
        1.584,
        1.464,
        1.128,
        2.112,
        2.064,
        2.304,
        1.752,
        2.328,
        1.992,
        1.944,
        1.92,
        1.872,
        1.728,
        1.584,
        1.536,
        1.464,
        1.608,
        1.56,
        1.416,
        1.632,
        1.656,
        1.704,
        1.536,
        1.632,
        1.392,
        1.152,
        1.416,
        1.488,
        1.44,
        1.32
    ],
    "delays": [
        34.171
    ],
    "loss": 0,
    "queue": 10,
    "delay_noise": 0
}