{
    "timestamps": [
        0.0,
        0.5,
        1.0,
        1.5,
        2.0,
        2.5,
        3.0,
        3.5,
        4.0,
        4.5,
        5.0,
        5.5,
        6.0,
        6.5,
        7.0,
        7.5,
        8.0,
        8.5,
        9.0,
        9.5,
        10.0,
        10.5,
        11.0,
        11.5,
        12.0,
        12.5,
        13.0,
        13.5,
        14.0,
        14.5,
        15.0,
        15.5,
        16.0,
        16.5,
        17.0,
        17.5,
        18.0,
        18.5,
        19.0,
        19.5,
        20.0,
        20.5,
        21.0,
        21.5,
        22.0,
        22.5,
        23.0,
        23.5,
        24.0,
        24.5,
        25.0,
        25.5,
        26.0,
        26.5,
        27.0,
        27.5,
        28.0,
        28.5,
        29.0,
        29.5,
        30.0
    ],
    "bandwidths": [
        0.1,
        1.582032,
        2.064,
        2.376,
        2.208,
        2.376,
        2.28,
        2.328,
        2.328,
        2.352,
        2.208,
        2.472,
        2.352,
        2.352,
        2.472,
        2.424,
        2.304,
        2.4,
        2.496,
        2.352,
        2.496,
        1.56,
        1.44,
        1.8,
        1.296,
        1.152,
        0.864,
        1.008,
        1.152,
        1.2,
        0.96,
        1.104,
        0.912,
        0.84,
        0.888,
        0.96,
        0.912,
        0.864,
        1.032,
        0.984,
        1.08,
        0.648,
        0.456,
        0.84,
        0.6,
        0.576,
        0.648,
        0.672,
        0.72,
        0.6,
        0.696,
        0.696,
        0.624,
        0.648,
        0.72,
        0.72,
        0.6,
        0.72,
        0.72,
        0.648,
        0.432
    ],
    "delays": [
        33.19
    ],
    "loss": 0,
    "queue": 10,
    "delay_noise": 0
}