{
    "timestamps": [
        0.0,
        0.5,
        1.0,
        1.5,
        2.0,
        2.5,
        3.0,
        3.5,
        4.0,
        4.5,
        5.0,
        5.5,
        6.0,
        6.5,
        7.0,
        7.5,
        8.0,
        8.5,
        9.0,
        9.5,
        10.0,
        10.5,
        11.0,
        11.5,
        12.0,
        12.5,
        13.0,
        13.5,
        14.0,
        14.5,
        15.0,
        15.5,
        16.0,
        16.5,
        17.0,
        17.5,
        18.0,
        18.5,
        19.0,
        19.5,
        20.0,
        20.5,
        21.0,
        21.5,
        22.0,
        22.5,
        23.0,
        23.5,
        24.0,
        24.5,
        25.0,
        25.5,
        26.0,
        26.5,
        27.0,
        27.5,
        28.0,
        28.5,
        29.0,
        29.5,
        30.0
    ],
    "bandwidths": [
        0.1,
        1.558032,
        2.376,
        2.16,
        2.376,
        2.232,
        2.352,
        2.184,
        2.328,
        2.304,
        2.208,
        2.256,
        2.256,
        2.112,
        2.352,
        2.256,
        2.352,
        2.304,
        2.088,
        2.184,
        2.088,
        1.44,
        1.344,
        1.272,
        0.936,
        1.152,
        1.152,
        1.104,
        1.128,
        1.08,
        1.08,
        0.912,
        1.032,
        0.912,
        1.056,
        1.08,
        1.056,
        1.176,
        1.08,
        1.128,
        1.224,
        0.648,
        0.648,
        0.744,
        0.768,
        0.816,
        0.864,
        0.984,
        1.008,
        0.912,
        0.816,
        0.888,
        0.696,
        1.08,
        0.984,
        1.008,
        0.864,
        0.864,
        1.032,
        0.816,
        0.696
    ],
    "delays": [
        37.236
    ],
    "loss": 0,
    "queue": 10,
    "delay_noise": 0
}