{
    "timestamps": [
        0.0,
        0.5,
        1.0,
        1.5,
        2.0,
        2.5,
        3.0,
        3.5,
        4.0,
        4.5,
        5.0,
        5.5,
        6.0,
        6.5,
        7.0,
        7.5,
        8.0,
        8.5,
        9.0,
        9.5,
        10.0,
        10.5,
        11.0,
        11.5,
        12.0,
        12.5,
        13.0,
        13.5,
        14.0,
        14.5,
        15.0,
        15.5,
        16.0,
        16.5,
        17.0,
        17.5,
        18.0,
        18.5,
        19.0,
        19.5,
        20.0,
        20.5,
        21.0,
        21.5,
        22.0,
        22.5,
        23.0,
        23.5,
        24.0,
        24.5,
        25.0,
        25.5,
        26.0,
        26.5,
        27.0,
        27.5,
        28.0,
        28.5,
        29.0,
        29.5,
        30.0
    ],
    "bandwidths": [
        0.1,
        1.970944,
        3.648,
        3.576,
        3.552,
        3.648,
        3.552,
        3.312,
        3.504,
        3.24,
        3.168,
        3.264,
        3.528,
        3.504,
        3.096,
        3.0,
        1.824,
        2.136,
        2.016,
        1.992,
        2.52,
        2.208,
        2.088,
        1.968,
        1.848,
        1.728,
        1.224,
        1.056,
        1.056,
        1.2,
        1.272,
        1.248,
        1.872,
        2.016,
        1.512,
        1.464,
        1.488,
        1.368,
        1.512,
        1.536,
        1.344,
        0.84,
        0.576,
        0.696,
        0.504,
        0.576,
        0.504,
        0.576,
        0.84,
        1.008,
        1.008,
        0.984,
        1.032,
        1.056,
        1.08,
        1.2,
        1.32,
        1.08,
        1.224,
        1.248,
        1.128
    ],
    "delays": [
        30.026
    ],
    "loss": 0,
    "queue": 10,
    "delay_noise": 0
}