{
    "timestamps": [
        0.0,
        0.5,
        1.0,
        1.5,
        2.0,
        2.5,
        3.0,
        3.5,
        4.0,
        4.5,
        5.0,
        5.5,
        6.0,
        6.5,
        7.0,
        7.5,
        8.0,
        8.5,
        9.0,
        9.5,
        10.0,
        10.5,
        11.0,
        11.5,
        12.0,
        12.5,
        13.0,
        13.5,
        14.0,
        14.5,
        15.0,
        15.5,
        16.0,
        16.5,
        17.0,
        17.5,
        18.0,
        18.5,
        19.0,
        19.5,
        20.0,
        20.5,
        21.0,
        21.5,
        22.0,
        22.5,
        23.0,
        23.5,
        24.0,
        24.5,
        25.0,
        25.5,
        26.0,
        26.5,
        27.0,
        27.5,
        28.0,
        28.5,
        29.0,
        29.5
    ],
    "bandwidths": [
        0.1,
        0.1,
        0.236736,
        1.416,
        0.888,
        1.32,
        1.872,
        1.872,
        1.728,
        1.296,
        1.584,
        1.704,
        1.896,
        1.824,
        1.824,
        1.536,
        1.728,
        1.728,
        1.656,
        1.368,
        1.104,
        0.792,
        1.392,
        0.552,
        0.552,
        0.432,
        0.672,
        0.528,
        0.6,
        0.672,
        0.528,
        0.624,
        0.672,
        0.552,
        0.6,
        0.432,
        0.672,
        0.48,
        0.6,
        0.696,
        0.696,
        0.408,
        0.36,
        0.36,
        0.552,
        0.384,
        0.288,
        0.36,
        0.264,
        0.336,
        0.288,
        0.384,
        0.312,
        0.168,
        0.336,
        0.336,
        0.288,
        0.288,
        0.312,
        0.36
    ],
    "delays": [
        117.906
    ],
    "loss": 0,
    "queue": 10,
    "delay_noise": 0,
    "T_s": 0
}