{
    "timestamps": [
        0.0,
        0.5,
        1.0,
        1.5,
        2.0,
        2.5,
        3.0,
        3.5,
        4.0,
        4.5,
        5.0,
        5.5,
        6.0,
        6.5,
        7.0,
        7.5,
        8.0,
        8.5,
        9.0,
        9.5,
        10.0,
        10.5,
        11.0,
        11.5,
        12.0,
        12.5,
        13.0,
        13.5,
        14.0,
        14.5,
        15.0,
        15.5,
        16.0,
        16.5,
        17.0,
        17.5,
        18.0,
        18.5,
        19.0,
        19.5,
        20.0,
        20.5,
        21.0,
        21.5,
        22.0,
        22.5,
        23.0,
        23.5,
        24.0,
        24.5,
        25.0,
        25.5,
        26.0,
        26.5,
        27.0,
        27.5,
        28.0,
        28.5,
        29.0,
        29.5,
        30.0
    ],
    "bandwidths": [
        0.1,
        0.1,
        0.1,
        0.1,
        0.1,
        0.23456,
        0.422208,
        0.562944,
        0.516032,
        0.750592,
        0.914784,
        0.914784,
        1.149344,
        1.243168,
        1.360448,
        1.501184,
        1.64192,
        1.665376,
        1.829568,
        1.853024,
        1.853024,
        1.102432,
        1.313536,
        1.1728,
        1.454272,
        1.336992,
        1.548096,
        0.985152,
        1.454272,
        1.501184,
        1.52464,
        1.52464,
        1.360448,
        1.05552,
        1.032064,
        1.078976,
        1.40736,
        1.571552,
        1.477728,
        1.548096,
        1.29008,
        1.125888,
        1.360448,
        0.985152,
        1.05552,
        1.008608,
        1.548096,
        1.336992,
        1.383904,
        0.445664,
        0.70368,
        0.82096,
        0.797504,
        0.82096,
        0.656768,
        0.844416,
        0.797504,
        0.797504,
        0.82096,
        0.5864,
        0.562944
    ],
    "delays": [
        126.80000000000001
    ],
    "loss": 0,
    "queue": 10,
    "delay_noise": 0,
    "T_s": 0
}