{
    "timestamps": [
        0.0,
        0.5,
        1.0,
        1.5,
        2.0,
        2.5,
        3.0,
        3.5,
        4.0,
        4.5,
        5.0,
        5.5,
        6.0,
        6.5,
        7.0,
        7.5,
        8.0,
        8.5,
        9.0,
        9.5,
        10.0,
        10.5,
        11.0,
        11.5,
        12.0,
        12.5,
        13.0,
        13.5,
        14.0,
        14.5,
        15.0,
        15.5,
        16.0,
        16.5,
        17.0,
        17.5,
        18.0,
        18.5,
        19.0,
        19.5,
        20.0,
        20.5,
        21.0,
        21.5,
        22.0,
        22.5,
        23.0,
        23.5,
        24.0,
        24.5,
        25.0,
        25.5,
        26.0,
        26.5,
        27.0,
        27.5,
        28.0,
        28.5,
        29.0,
        29.5,
        30.0
    ],
    "bandwidths": [
        0.1,
        0.1,
        0.1,
        0.1,
        0.1,
        0.164192,
        0.328384,
        0.46912,
        0.656768,
        0.727136,
        0.727136,
        0.985152,
        1.196256,
        1.383904,
        1.360448,
        1.477728,
        1.806112,
        1.782656,
        1.946848,
        1.665376,
        1.7592,
        1.923392,
        1.688832,
        1.806112,
        1.735744,
        1.829568,
        1.665376,
        1.313536,
        1.64192,
        1.735744,
        1.477728,
        1.430816,
        1.336992,
        0.891328,
        1.05552,
        0.750592,
        1.078976,
        0.985152,
        1.125888,
        0.82096,
        1.008608,
        0.985152,
        0.914784,
        1.05552,
        1.032064,
        0.867872,
        0.797504,
        0.844416,
        1.102432,
        0.797504,
        0.774048,
        1.032064,
        0.867872,
        1.008608,
        0.961696,
        0.985152,
        1.008608,
        0.93824,
        1.149344,
        0.914784,
        0.774048
    ],
    "delays": [
        120.4705
    ],
    "loss": 0,
    "queue": 10,
    "delay_noise": 0,
    "T_s": 0
}