{
    "timestamps": [
        0.0,
        0.5,
        1.0,
        1.5,
        2.0,
        2.5,
        3.0,
        3.5,
        4.0,
        4.5,
        5.0,
        5.5,
        6.0,
        6.5,
        7.0,
        7.5,
        8.0,
        8.5,
        9.0,
        9.5,
        10.0,
        10.5,
        11.0,
        11.5,
        12.0,
        12.5,
        13.0,
        13.5,
        14.0,
        14.5,
        15.0,
        15.5,
        16.0,
        16.5,
        17.0,
        17.5,
        18.0,
        18.5,
        19.0,
        19.5,
        20.0,
        20.5,
        21.0,
        21.5,
        22.0,
        22.5,
        23.0,
        23.5,
        24.0,
        24.5,
        25.0,
        25.5,
        26.0,
        26.5,
        27.0,
        27.5,
        28.0,
        28.5,
        29.0,
        29.5,
        30.0
    ],
    "bandwidths": [
        0.1,
        0.722944,
        7.944,
        68.472,
        97.512,
        94.297408,
        97.392,
        97.488,
        96.312,
        97.512,
        97.536,
        97.536,
        97.536,
        97.512,
        97.536,
        97.536,
        97.512,
        97.536,
        97.536,
        97.512,
        97.536,
        96.816,
        89.664,
        54.048,
        33.432,
        23.232,
        48.768,
        61.824,
        36.361408,
        48.768,
        48.768,
        59.548544,
        48.284864,
        48.768,
        48.768,
        41.905408,
        48.768,
        48.744,
        48.744,
        48.408,
        48.768,
        48.624,
        45.384,
        33.504,
        32.472,
        32.448,
        32.52,
        32.568,
        32.544,
        32.521408,
        32.496,
        32.52,
        32.496,
        32.52,
        32.496,
        23.112,
        14.784,
        32.52,
        32.52,
        32.496,
        27.48
    ],
    "delays": [
        69.655
    ],
    "loss": 0,
    "queue": 10,
    "delay_noise": 0,
    "T_s": 0
}