{
    "timestamps": [
        0.0,
        0.5,
        1.0,
        1.5,
        2.0,
        2.5,
        3.0,
        3.5,
        4.0,
        4.5,
        5.0,
        5.5,
        6.0,
        6.5,
        7.0,
        7.5,
        8.0,
        8.5,
        9.0,
        9.5,
        10.0,
        10.5,
        11.0,
        11.5,
        12.0,
        12.5,
        13.0,
        13.5,
        14.0,
        14.5,
        15.0,
        15.5,
        16.0,
        16.5,
        17.0,
        17.5,
        18.0,
        18.5,
        19.0,
        19.5,
        20.0,
        20.5,
        21.0,
        21.5,
        22.0,
        22.5,
        23.0,
        23.5,
        24.0,
        24.5,
        25.0,
        25.5,
        26.0,
        26.5,
        27.0,
        27.5,
        28.0,
        28.5,
        29.0,
        29.5,
        30.0
    ],
    "bandwidths": [
        0.1,
        0.722944,
        9.72,
        71.568,
        97.536,
        96.912,
        71.496,
        74.832,
        76.344,
        78.984,
        80.088,
        81.912,
        82.536,
        83.928,
        84.096,
        85.224,
        85.056,
        85.848,
        85.464,
        86.016,
        85.608,
        85.896,
        82.992,
        52.608,
        40.872,
        30.144,
        32.04,
        32.544,
        33.72,
        34.368,
        34.92,
        35.28,
        35.496,
        35.736,
        35.688,
        35.784,
        35.712,
        35.664,
        35.736,
        35.88,
        36.0,
        36.192,
        36.528,
        30.984,
        26.64,
        29.328,
        30.96,
        32.328,
        33.456,
        34.584,
        35.64,
        36.048,
        36.576,
        36.768,
        37.056,
        37.056,
        37.056,
        37.056,
        36.912,
        36.6,
        31.176
    ],
    "delays": [
        70.6765
    ],
    "loss": 0,
    "queue": 10,
    "delay_noise": 0,
    "T_s": 0
}