{
    "timestamps": [
        0.0,
        0.5,
        1.0,
        1.5,
        2.0,
        2.5,
        3.0,
        3.5,
        4.0,
        4.5,
        5.0,
        5.5,
        6.0,
        6.5,
        7.0,
        7.5,
        8.0,
        8.5,
        9.0,
        9.5,
        10.0,
        10.5,
        11.0,
        11.5,
        12.0,
        12.5,
        13.0,
        13.5,
        14.0,
        14.5,
        15.0,
        15.5,
        16.0,
        16.5,
        17.0,
        17.5,
        18.0,
        18.5,
        19.0,
        19.5,
        20.0,
        20.5,
        21.0,
        21.5,
        22.0,
        22.5,
        23.0,
        23.5,
        24.0,
        24.5,
        25.0,
        25.5,
        26.0,
        26.5,
        27.0,
        27.5,
        28.0,
        28.5,
        29.0,
        29.5,
        30.0
    ],
    "bandwidths": [
        0.1,
        0.722944,
        11.952,
        76.176,
        97.536,
        88.416,
        72.84,
        76.704,
        78.624,
        80.16,
        82.488,
        82.824,
        84.96,
        85.8,
        85.848,
        87.432,
        86.112,
        87.936,
        87.408,
        87.144,
        88.344,
        86.88,
        83.736,
        52.488,
        36.648,
        31.32,
        32.256,
        34.248,
        34.2,
        35.472,
        35.688,
        35.712,
        36.792,
        35.976,
        36.48,
        36.48,
        36.12,
        36.96,
        36.072,
        36.624,
        36.888,
        36.912,
        37.392,
        31.104,
        27.168,
        30.384,
        31.344,
        33.336,
        34.08,
        35.544,
        36.456,
        37.08,
        37.368,
        37.776,
        37.656,
        38.088,
        37.92,
        37.584,
        37.368,
        37.224,
        31.632
    ],
    "delays": [
        68.6895
    ],
    "loss": 0,
    "queue": 10,
    "delay_noise": 0,
    "T_s": 0
}