{
    "timestamps": [
        0.0,
        0.5,
        1.0,
        1.5,
        2.0,
        2.5,
        3.0,
        3.5,
        4.0,
        4.5,
        5.0,
        5.5,
        6.0,
        6.5,
        7.0,
        7.5,
        8.0,
        8.5,
        9.0,
        9.5,
        10.0,
        10.5,
        11.0,
        11.5,
        12.0,
        12.5,
        13.0,
        13.5,
        14.0,
        14.5,
        15.0,
        15.5,
        16.0,
        16.5,
        17.0,
        17.5,
        18.0,
        18.5,
        19.0,
        19.5,
        20.0,
        20.5,
        21.0,
        21.5,
        22.0,
        22.5,
        23.0,
        23.5,
        24.0,
        24.5,
        25.0,
        25.5,
        26.0,
        26.5,
        27.0,
        27.5,
        28.0,
        28.5,
        29.0,
        29.5,
        30.0
    ],
    "bandwidths": [
        0.1,
        0.722944,
        10.224,
        72.72,
        97.488,
        91.44,
        72.744,
        74.256,
        77.544,
        78.648,
        81.336,
        81.816,
        83.472,
        84.288,
        84.936,
        85.776,
        85.872,
        86.424,
        86.376,
        86.52,
        86.232,
        86.688,
        82.992,
        52.896,
        40.776,
        30.504,
        31.92,
        33.144,
        33.816,
        34.8,
        34.848,
        35.904,
        35.424,
        36.336,
        35.64,
        36.36,
        35.592,
        36.336,
        35.64,
        36.24,
        36.312,
        36.552,
        36.504,
        30.504,
        27.024,
        29.904,
        30.864,
        32.88,
        33.528,
        34.92,
        35.64,
        36.6,
        36.624,
        36.96,
        37.344,
        37.2,
        37.176,
        37.464,
        36.96,
        37.152,
        31.536
    ],
    "delays": [
        70.167
    ],
    "loss": 0,
    "queue": 10,
    "delay_noise": 0,
    "T_s": 0
}