{
    "timestamps": [
        0.0,
        0.5,
        1.0,
        1.5,
        2.0,
        2.5,
        3.0,
        3.5,
        4.0,
        4.5,
        5.0,
        5.5,
        6.0,
        6.5,
        7.0,
        7.5,
        8.0,
        8.5,
        9.0,
        9.5,
        10.0,
        10.5,
        11.0,
        11.5,
        12.0,
        12.5,
        13.0,
        13.5,
        14.0,
        14.5,
        15.0,
        15.5,
        16.0,
        16.5,
        17.0,
        17.5,
        18.0,
        18.5,
        19.0,
        19.5,
        20.0,
        20.5,
        21.0,
        21.5,
        22.0,
        22.5,
        23.0,
        23.5,
        24.0,
        24.5,
        25.0,
        25.5,
        26.0,
        26.5,
        27.0,
        27.5,
        28.0,
        28.5,
        29.0,
        29.5,
        30.0
    ],
    "bandwidths": [
        0.1,
        0.958032,
        8.976,
        85.008,
        97.512,
        97.44,
        97.44,
        96.888,
        97.104,
        97.08,
        97.056,
        97.056,
        97.2,
        97.032,
        97.32,
        97.248,
        96.864,
        97.128,
        97.344,
        96.6,
        97.104,
        95.856,
        85.008,
        48.768,
        48.768,
        48.768,
        48.936,
        48.816,
        49.008,
        48.912,
        49.032,
        48.984,
        49.2,
        48.984,
        48.984,
        49.176,
        48.744,
        48.888,
        48.984,
        48.936,
        48.816,
        48.36,
        43.128,
        34.512,
        32.496,
        32.64,
        33.168,
        32.592,
        32.592,
        32.736,
        32.544,
        32.424,
        32.808,
        32.688,
        32.112,
        32.904,
        32.064,
        32.856,
        32.544,
        32.568,
        19.92
    ],
    "delays": [
        70.777
    ],
    "loss": 0,
    "queue": 10,
    "delay_noise": 0,
    "T_s": 0
}