{
    "timestamps": [
        0.0,
        0.5,
        1.0,
        1.5,
        2.0,
        2.5,
        3.0,
        3.5,
        4.0,
        4.5,
        5.0,
        5.5,
        6.0,
        6.5,
        7.0,
        7.5,
        8.0,
        8.5,
        9.0,
        9.5,
        10.0,
        10.5,
        11.0,
        11.5,
        12.0,
        12.5,
        13.0,
        13.5,
        14.0,
        14.5,
        15.0,
        15.5,
        16.0,
        16.5,
        17.0,
        17.5,
        18.0,
        18.5,
        19.0,
        19.5,
        20.0,
        20.5,
        21.0,
        21.5,
        22.0,
        22.5,
        23.0,
        23.5,
        24.0,
        24.5,
        25.0,
        25.5,
        26.0,
        26.5,
        27.0,
        27.5,
        28.0,
        28.5,
        29.0,
        29.5,
        30.0
    ],
    "bandwidths": [
        0.1,
        0.958032,
        12.72,
        85.416,
        97.488,
        97.536,
        97.512,
        97.536,
        97.488,
        96.816,
        96.984,
        96.984,
        96.792,
        97.248,
        97.176,
        97.176,
        97.272,
        97.152,
        96.912,
        97.008,
        97.344,
        96.216,
        86.376,
        48.96,
        48.768,
        48.768,
        48.72,
        48.816,
        48.96,
        49.056,
        48.936,
        48.936,
        49.032,
        48.96,
        48.912,
        48.672,
        48.96,
        48.912,
        49.032,
        48.984,
        48.96,
        48.168,
        42.696,
        33.648,
        33.12,
        33.336,
        33.048,
        33.12,
        32.52,
        32.976,
        32.928,
        32.736,
        32.544,
        32.592,
        32.64,
        32.52,
        32.664,
        32.304,
        32.592,
        32.136,
        20.28
    ],
    "delays": [
        69.673
    ],
    "loss": 0,
    "queue": 10,
    "delay_noise": 0,
    "T_s": 0
}