{
    "timestamps": [
        0.0,
        0.5,
        1.0,
        1.5,
        2.0,
        2.5,
        3.0,
        3.5,
        4.0,
        4.5,
        5.0,
        5.5,
        6.0,
        6.5,
        7.0,
        7.5,
        8.0,
        8.5,
        9.0,
        9.5,
        10.0,
        10.5,
        11.0,
        11.5,
        12.0,
        12.5,
        13.0,
        13.5,
        14.0,
        14.5,
        15.0,
        15.5,
        16.0,
        16.5,
        17.0,
        17.5,
        18.0,
        18.5,
        19.0,
        19.5,
        20.0,
        20.5,
        21.0,
        21.5,
        22.0,
        22.5,
        23.0,
        23.5,
        24.0,
        24.5,
        25.0,
        25.5,
        26.0,
        26.5,
        27.0,
        27.5,
        28.0,
        28.5,
        29.0,
        29.5,
        30.0
    ],
    "bandwidths": [
        0.1,
        0.722944,
        11.472,
        75.408,
        91.128,
        52.2,
        52.272,
        52.44,
        51.768,
        52.704,
        51.864,
        52.488,
        52.2,
        52.152,
        52.512,
        51.84,
        52.608,
        51.96,
        52.416,
        52.488,
        51.672,
        52.728,
        51.888,
        45.312,
        16.848,
        13.248,
        13.536,
        13.92,
        14.064,
        14.736,
        14.736,
        15.12,
        15.552,
        15.504,
        16.464,
        16.128,
        16.752,
        17.136,
        17.04,
        18.0,
        17.64,
        18.312,
        18.648,
        18.456,
        19.296,
        18.864,
        19.584,
        19.776,
        19.776,
        20.832,
        20.304,
        21.216,
        21.264,
        21.36,
        22.272,
        21.84,
        22.992,
        22.512,
        23.04,
        23.808,
        20.544
    ],
    "delays": [
        69.13149999999999
    ],
    "loss": 0,
    "queue": 10,
    "delay_noise": 0,
    "T_s": 0
}