{
    "timestamps": [
        0.0,
        0.5,
        1.0,
        1.5,
        2.0,
        2.5,
        3.0,
        3.5,
        4.0,
        4.5,
        5.0,
        5.5,
        6.0,
        6.5,
        7.0,
        7.5,
        8.0,
        8.5,
        9.0,
        9.5,
        10.0,
        10.5,
        11.0,
        11.5,
        12.0,
        12.5,
        13.0,
        13.5,
        14.0,
        14.5,
        15.0,
        15.5,
        16.0,
        16.5,
        17.0,
        17.5,
        18.0,
        18.5,
        19.0,
        19.5,
        20.0,
        20.5,
        21.0,
        21.5,
        22.0,
        22.5,
        23.0,
        23.5,
        24.0,
        24.5,
        25.0,
        25.5,
        26.0,
        26.5,
        27.0,
        27.5,
        28.0,
        28.5,
        29.0,
        29.5,
        30.0
    ],
    "bandwidths": [
        0.1,
        0.722944,
        10.368,
        73.056,
        95.52,
        51.672,
        52.368,
        51.696,
        52.56,
        51.672,
        52.728,
        51.6,
        52.896,
        51.912,
        52.512,
        52.392,
        52.704,
        52.296,
        52.368,
        52.464,
        52.32,
        52.872,
        52.104,
        47.064,
        26.088,
        26.832,
        26.688,
        27.36,
        27.456,
        27.744,
        28.2,
        28.152,
        28.944,
        28.656,
        29.784,
        29.112,
        30.48,
        29.712,
        30.72,
        30.696,
        31.008,
        31.392,
        31.536,
        31.248,
        31.872,
        31.824,
        32.472,
        32.592,
        32.736,
        33.48,
        33.528,
        33.912,
        34.272,
        34.296,
        34.992,
        34.776,
        35.448,
        35.424,
        36.168,
        35.856,
        31.344
    ],
    "delays": [
        70.104
    ],
    "loss": 0,
    "queue": 10,
    "delay_noise": 0,
    "T_s": 0
}