{
    "timestamps": [
        0.0,
        0.5,
        1.0,
        1.5,
        2.0,
        2.5,
        3.0,
        3.5,
        4.0,
        4.5,
        5.0,
        5.5,
        6.0,
        6.5,
        7.0,
        7.5,
        8.0,
        8.5,
        9.0,
        9.5,
        10.0,
        10.5,
        11.0,
        11.5,
        12.0,
        12.5,
        13.0,
        13.5,
        14.0,
        14.5,
        15.0,
        15.5,
        16.0,
        16.5,
        17.0,
        17.5,
        18.0,
        18.5,
        19.0,
        19.5,
        20.0,
        20.5,
        21.0,
        21.5,
        22.0,
        22.5,
        23.0,
        23.5,
        24.0,
        24.5,
        25.0,
        25.5,
        26.0,
        26.5,
        27.0,
        27.5,
        28.0,
        28.5,
        29.0,
        29.5,
        30.0,
        30.5
    ],
    "bandwidths": [
        0.1,
        29.522944,
        97.536,
        97.536,
        97.56,
        97.536,
        97.536,
        97.488,
        97.536,
        97.512,
        97.512,
        97.536,
        97.488,
        97.536,
        97.56,
        97.536,
        97.536,
        96.528,
        97.536,
        97.536,
        97.488,
        89.88,
        66.216,
        64.464,
        64.872,
        64.608,
        62.184,
        62.376,
        59.616,
        59.352,
        59.064,
        58.512,
        56.568,
        56.688,
        56.952,
        57.384,
        56.952,
        58.392,
        57.576,
        57.912,
        58.776,
        57.792,
        54.696,
        42.48,
        43.104,
        44.568,
        44.136,
        45.888,
        45.888,
        45.336,
        45.168,
        45.072,
        43.416,
        42.264,
        42.0,
        38.952,
        36.192,
        35.616,
        34.344,
        33.0,
        32.76,
        2.928
    ],
    "delays": [
        26.863
    ],
    "loss": 0,
    "queue": 10,
    "delay_noise": 0
}