{
    "timestamps": [
        0.0,
        0.5,
        1.0,
        1.5,
        2.0,
        2.5,
        3.0,
        3.5,
        4.0,
        4.5,
        5.0,
        5.5,
        6.0,
        6.5,
        7.0,
        7.5,
        8.0,
        8.5,
        9.0,
        9.5,
        10.0,
        10.5,
        11.0,
        11.5,
        12.0,
        12.5,
        13.0,
        13.5,
        14.0,
        14.5,
        15.0,
        15.5,
        16.0,
        16.5,
        17.0,
        17.5,
        18.0,
        18.5,
        19.0,
        19.5,
        20.0,
        20.5,
        21.0,
        21.5,
        22.0,
        22.5,
        23.0,
        23.5,
        24.0,
        24.5,
        25.0,
        25.5,
        26.0,
        26.5,
        27.0,
        27.5,
        28.0,
        28.5,
        29.0,
        29.5,
        30.0,
        30.5
    ],
    "bandwidths": [
        0.1,
        39.962944,
        97.536,
        97.512,
        97.536,
        97.392,
        97.56,
        97.536,
        97.512,
        97.512,
        97.512,
        97.536,
        97.464,
        97.56,
        97.512,
        97.512,
        97.512,
        97.536,
        97.536,
        97.512,
        97.512,
        92.568,
        73.032,
        68.016,
        67.32,
        66.792,
        66.528,
        66.048,
        62.976,
        65.112,
        65.688,
        65.712,
        65.808,
        65.712,
        65.424,
        64.752,
        64.08,
        63.672,
        62.928,
        62.472,
        62.16,
        49.032,
        37.44,
        35.4,
        34.2,
        33.528,
        32.832,
        32.544,
        31.992,
        31.584,
        31.488,
        31.08,
        31.008,
        31.008,
        30.768,
        31.032,
        31.08,
        31.44,
        31.464,
        31.776,
        32.184,
        2.592
    ],
    "delays": [
        24.2475
    ],
    "loss": 0,
    "queue": 10,
    "delay_noise": 0
}