{
    "timestamps": [
        0.0,
        0.5,
        1.0,
        1.5,
        2.0,
        2.5,
        3.0,
        3.5,
        4.0,
        4.5,
        5.0,
        5.5,
        6.0,
        6.5,
        7.0,
        7.5,
        8.0,
        8.5,
        9.0,
        9.5,
        10.0,
        10.5,
        11.0,
        11.5,
        12.0,
        12.5,
        13.0,
        13.5,
        14.0,
        14.5,
        15.0,
        15.5,
        16.0,
        16.5,
        17.0,
        17.5,
        18.0,
        18.5,
        19.0,
        19.5,
        20.0,
        20.5,
        21.0,
        21.5,
        22.0,
        22.5,
        23.0,
        23.5,
        24.0,
        24.5,
        25.0,
        25.5,
        26.0,
        26.5,
        27.0,
        27.5,
        28.0,
        28.5,
        29.0,
        29.5,
        30.0,
        30.5
    ],
    "bandwidths": [
        0.1,
        38.666944,
        97.512,
        97.56,
        97.512,
        97.512,
        97.512,
        97.536,
        97.56,
        97.488,
        97.512,
        97.536,
        97.536,
        97.536,
        97.512,
        97.536,
        97.536,
        97.512,
        97.536,
        97.536,
        97.512,
        90.12,
        74.088,
        73.008,
        72.888,
        72.456,
        72.552,
        72.624,
        72.6,
        72.864,
        73.2,
        77.496,
        77.784,
        77.64,
        77.448,
        77.424,
        77.448,
        77.28,
        76.92,
        76.512,
        76.032,
        71.256,
        56.88,
        56.688,
        56.856,
        56.472,
        56.592,
        56.736,
        56.568,
        55.992,
        56.016,
        55.848,
        56.28,
        56.4,
        55.992,
        55.752,
        55.224,
        54.336,
        54.024,
        53.496,
        52.992,
        4.608
    ],
    "delays": [
        24.5405
    ],
    "loss": 0,
    "queue": 10,
    "delay_noise": 0
}