{
    "timestamps": [
        0.0,
        0.5,
        1.0,
        1.5,
        2.0,
        2.5,
        3.0,
        3.5,
        4.0,
        4.5,
        5.0,
        5.5,
        6.0,
        6.5,
        7.0,
        7.5,
        8.0,
        8.5,
        9.0,
        9.5,
        10.0,
        10.5,
        11.0,
        11.5,
        12.0,
        12.5,
        13.0,
        13.5,
        14.0,
        14.5,
        15.0,
        15.5,
        16.0,
        16.5,
        17.0,
        17.5,
        18.0,
        18.5,
        19.0,
        19.5,
        20.0,
        20.5,
        21.0,
        21.5,
        22.0,
        22.5,
        23.0,
        23.5,
        24.0,
        24.5,
        25.0,
        25.5,
        26.0,
        26.5,
        27.0,
        27.5,
        28.0,
        28.5,
        29.0,
        29.5,
        30.0,
        30.5
    ],
    "bandwidths": [
        0.1,
        34.730944,
        97.32,
        97.56,
        97.512,
        97.488,
        97.464,
        97.512,
        97.536,
        97.536,
        97.536,
        97.536,
        97.536,
        97.536,
        97.512,
        97.536,
        97.512,
        97.536,
        97.536,
        97.536,
        97.512,
        92.544,
        77.4,
        72.432,
        67.344,
        67.224,
        66.936,
        67.032,
        67.008,
        67.104,
        67.224,
        67.344,
        67.224,
        67.344,
        67.296,
        67.368,
        67.08,
        66.744,
        66.432,
        65.784,
        65.376,
        61.92,
        50.976,
        49.752,
        49.608,
        49.44,
        48.984,
        49.056,
        48.888,
        48.768,
        49.032,
        49.056,
        49.128,
        49.224,
        49.056,
        48.648,
        48.12,
        47.664,
        47.04,
        46.8,
        46.464,
        5.424
    ],
    "delays": [
        25.835
    ],
    "loss": 0,
    "queue": 10,
    "delay_noise": 0
}