{
    "timestamps": [
        0.0,
        0.5,
        1.0,
        1.5,
        2.0,
        2.5,
        3.0,
        3.5,
        4.0,
        4.5,
        5.0,
        5.5,
        6.0,
        6.5,
        7.0,
        7.5,
        8.0,
        8.5,
        9.0,
        9.5,
        10.0,
        10.5,
        11.0,
        11.5,
        12.0,
        12.5,
        13.0,
        13.5,
        14.0,
        14.5,
        15.0,
        15.5,
        16.0,
        16.5,
        17.0,
        17.5,
        18.0,
        18.5,
        19.0,
        19.5,
        20.0,
        20.5,
        21.0,
        21.5,
        22.0,
        22.5,
        23.0,
        23.5,
        24.0,
        24.5,
        25.0,
        25.5,
        26.0,
        26.5,
        27.0,
        27.5,
        28.0,
        28.5,
        29.0,
        29.5,
        30.0
    ],
    "bandwidths": [
        0.1,
        22.558032,
        75.336,
        95.472,
        97.488,
        97.512,
        97.512,
        97.512,
        97.536,
        97.56,
        97.512,
        97.536,
        97.536,
        97.512,
        97.488,
        97.512,
        97.512,
        97.56,
        97.536,
        97.536,
        97.512,
        84.84,
        65.016,
        62.832,
        63.12,
        62.952,
        63.288,
        62.688,
        60.312,
        61.152,
        58.584,
        59.064,
        59.304,
        58.56,
        58.08,
        56.52,
        56.832,
        56.064,
        54.624,
        54.144,
        55.608,
        50.4,
        38.928,
        46.176,
        46.176,
        47.856,
        45.504,
        45.216,
        45.912,
        45.96,
        45.816,
        45.912,
        45.768,
        47.976,
        46.872,
        47.832,
        46.824,
        46.2,
        45.672,
        46.008,
        29.304
    ],
    "delays": [
        26.951
    ],
    "loss": 0,
    "queue": 10,
    "delay_noise": 0
}