{
    "timestamps": [
        0.0,
        0.5,
        1.0,
        1.5,
        2.0,
        2.5,
        3.0,
        3.5,
        4.0,
        4.5,
        5.0,
        5.5,
        6.0,
        6.5,
        7.0,
        7.5,
        8.0,
        8.5,
        9.0,
        9.5,
        10.0,
        10.5,
        11.0,
        11.5,
        12.0,
        12.5,
        13.0,
        13.5,
        14.0,
        14.5,
        15.0,
        15.5,
        16.0,
        16.5,
        17.0,
        17.5,
        18.0,
        18.5,
        19.0,
        19.5,
        20.0,
        20.5,
        21.0,
        21.5,
        22.0,
        22.5,
        23.0,
        23.5,
        24.0,
        24.5,
        25.0,
        25.5,
        26.0,
        26.5,
        27.0,
        27.5,
        28.0,
        28.5,
        29.0,
        29.5,
        30.0
    ],
    "bandwidths": [
        0.1,
        22.558032,
        74.736,
        95.688,
        97.464,
        97.512,
        97.488,
        97.536,
        97.536,
        97.536,
        97.512,
        97.488,
        97.512,
        97.536,
        97.512,
        97.464,
        97.56,
        97.512,
        97.536,
        97.536,
        97.488,
        84.216,
        56.712,
        50.256,
        54.984,
        54.0,
        59.016,
        55.008,
        58.776,
        55.464,
        57.984,
        56.472,
        57.024,
        56.712,
        54.312,
        53.928,
        54.96,
        53.304,
        53.976,
        55.08,
        52.92,
        49.224,
        40.608,
        43.56,
        41.28,
        42.312,
        43.56,
        42.288,
        42.816,
        42.888,
        39.6,
        38.904,
        37.2,
        35.952,
        35.28,
        34.608,
        36.36,
        33.072,
        35.424,
        35.136,
        23.904
    ],
    "delays": [
        26.9675
    ],
    "loss": 0,
    "queue": 10,
    "delay_noise": 0
}