{
    "timestamps": [
        0.0,
        0.5,
        1.0,
        1.5,
        2.0,
        2.5,
        3.0,
        3.5,
        4.0,
        4.5,
        5.0,
        5.5,
        6.0,
        6.5,
        7.0,
        7.5,
        8.0,
        8.5,
        9.0,
        9.5,
        10.0,
        10.5,
        11.0,
        11.5,
        12.0,
        12.5,
        13.0,
        13.5,
        14.0,
        14.5,
        15.0,
        15.5,
        16.0,
        16.5,
        17.0,
        17.5,
        18.0,
        18.5,
        19.0,
        19.5,
        20.0,
        20.5,
        21.0,
        21.5,
        22.0,
        22.5,
        23.0,
        23.5,
        24.0,
        24.5,
        25.0,
        25.5,
        26.0,
        26.5,
        27.0,
        27.5,
        28.0,
        28.5,
        29.0,
        29.5,
        30.0
    ],
    "bandwidths": [
        0.1,
        25.006032,
        78.384,
        97.248,
        97.512,
        97.536,
        97.536,
        97.536,
        97.512,
        97.536,
        97.536,
        97.512,
        97.536,
        97.488,
        97.512,
        97.536,
        97.536,
        97.512,
        97.536,
        97.536,
        93.6,
        84.312,
        54.744,
        49.752,
        55.272,
        58.104,
        59.76,
        54.888,
        54.288,
        55.608,
        54.72,
        52.56,
        50.952,
        52.872,
        51.888,
        51.216,
        51.048,
        51.096,
        51.624,
        50.976,
        51.744,
        44.832,
        33.792,
        38.4,
        43.104,
        42.672,
        42.984,
        42.912,
        43.248,
        42.84,
        43.08,
        42.888,
        42.96,
        42.96,
        43.032,
        43.032,
        42.84,
        43.104,
        42.84,
        43.104,
        27.84
    ],
    "delays": [
        25.9295
    ],
    "loss": 0,
    "queue": 10,
    "delay_noise": 0
}