{
    "timestamps": [
        0.0,
        0.5,
        1.0,
        1.5,
        2.0,
        2.5,
        3.0,
        3.5,
        4.0,
        4.5,
        5.0,
        5.5,
        6.0,
        6.5,
        7.0,
        7.5,
        8.0,
        8.5,
        9.0,
        9.5,
        10.0,
        10.5,
        11.0,
        11.5,
        12.0,
        12.5,
        13.0,
        13.5,
        14.0,
        14.5,
        15.0,
        15.5,
        16.0,
        16.5,
        17.0,
        17.5,
        18.0,
        18.5,
        19.0,
        19.5,
        20.0,
        20.5,
        21.0,
        21.5,
        22.0,
        22.5,
        23.0,
        23.5,
        24.0,
        24.5,
        25.0,
        25.5,
        26.0,
        26.5,
        27.0,
        27.5,
        28.0,
        28.5,
        29.0,
        29.5,
        30.0,
        30.5
    ],
    "bandwidths": [
        0.1,
        34.154944,
        97.44,
        97.512,
        97.512,
        97.512,
        97.512,
        97.512,
        97.536,
        97.56,
        97.488,
        97.536,
        97.44,
        97.536,
        97.512,
        97.536,
        97.512,
        97.536,
        97.512,
        97.536,
        97.512,
        90.792,
        90.336,
        89.28,
        88.2,
        86.928,
        85.752,
        84.528,
        82.44,
        48.408,
        50.712,
        53.016,
        54.312,
        57.216,
        58.848,
        60.96,
        62.928,
        63.864,
        63.504,
        63.6,
        63.24,
        57.264,
        54.072,
        55.152,
        55.392,
        54.12,
        52.368,
        50.376,
        48.648,
        46.464,
        44.904,
        42.624,
        41.16,
        39.624,
        37.872,
        36.624,
        36.336,
        36.552,
        36.36,
        36.48,
        36.384,
        1.848
    ],
    "delays": [
        26.2255
    ],
    "loss": 0,
    "queue": 10,
    "delay_noise": 0
}