{
    "timestamps": [
        0.0,
        0.5,
        1.0,
        1.5,
        2.0,
        2.5,
        3.0,
        3.5,
        4.0,
        4.5,
        5.0,
        5.5,
        6.0,
        6.5,
        7.0,
        7.5,
        8.0,
        8.5,
        9.0,
        9.5,
        10.0,
        10.5,
        11.0,
        11.5,
        12.0,
        12.5,
        13.0,
        13.5,
        14.0,
        14.5,
        15.0,
        15.5,
        16.0,
        16.5,
        17.0,
        17.5,
        18.0,
        18.5,
        19.0,
        19.5,
        20.0,
        20.5,
        21.0,
        21.5,
        22.0,
        22.5,
        23.0,
        23.5,
        24.0,
        24.5,
        25.0,
        25.5,
        26.0,
        26.5,
        27.0,
        27.5,
        28.0,
        28.5,
        29.0,
        29.5,
        30.0,
        30.5
    ],
    "bandwidths": [
        0.1,
        38.330944,
        92.88,
        89.184,
        91.176,
        92.856,
        94.968,
        96.48,
        97.464,
        97.512,
        97.512,
        97.536,
        97.512,
        97.488,
        97.56,
        97.512,
        97.512,
        97.512,
        97.368,
        97.32,
        97.344,
        88.2,
        83.352,
        84.72,
        85.032,
        84.624,
        83.256,
        81.216,
        79.632,
        77.112,
        75.336,
        73.104,
        70.992,
        69.072,
        66.912,
        64.56,
        62.208,
        60.12,
        57.768,
        55.656,
        53.688,
        47.136,
        43.968,
        44.544,
        44.472,
        43.32,
        41.472,
        40.296,
        39.408,
        38.736,
        38.28,
        37.848,
        37.44,
        36.408,
        36.552,
        36.504,
        36.552,
        36.408,
        36.48,
        35.784,
        35.544,
        1.512
    ],
    "delays": [
        24.522
    ],
    "loss": 0,
    "queue": 10,
    "delay_noise": 0
}