{
    "timestamps": [
        0.0,
        0.5,
        1.0,
        1.5,
        2.0,
        2.5,
        3.0,
        3.5,
        4.0,
        4.5,
        5.0,
        5.5,
        6.0,
        6.5,
        7.0,
        7.5,
        8.0,
        8.5,
        9.0,
        9.5,
        10.0,
        10.5,
        11.0,
        11.5,
        12.0,
        12.5,
        13.0,
        13.5,
        14.0,
        14.5,
        15.0,
        15.5,
        16.0,
        16.5,
        17.0,
        17.5,
        18.0,
        18.5,
        19.0,
        19.5,
        20.0,
        20.5,
        21.0,
        21.5,
        22.0,
        22.5,
        23.0,
        23.5,
        24.0,
        24.5,
        25.0,
        25.5,
        26.0,
        26.5,
        27.0,
        27.5,
        28.0,
        28.5,
        29.0,
        29.5,
        30.0,
        30.5
    ],
    "bandwidths": [
        0.1,
        0.914944,
        9.984,
        4.872,
        12.696,
        9.6,
        5.712,
        3.648,
        3.504,
        2.688,
        2.4,
        2.856,
        5.76,
        6.024,
        4.44,
        4.104,
        5.88,
        6.648,
        8.664,
        6.0,
        4.176,
        2.592,
        2.472,
        1.272,
        2.304,
        1.392,
        1.464,
        1.872,
        3.6,
        3.72,
        4.344,
        6.144,
        8.616,
        9.216,
        9.144,
        6.048,
        6.48,
        11.376,
        8.04,
        6.24,
        7.152,
        9.816,
        8.16,
        7.224,
        10.104,
        7.848,
        6.504,
        9.048,
        8.52,
        7.536,
        6.912,
        5.52,
        8.568,
        7.224,
        3.816,
        2.928,
        4.416,
        1.944,
        3.936,
        4.632,
        5.304,
        0.12
    ],
    "delays": [
        14.7525
    ],
    "loss": 0,
    "queue": 10,
    "delay_noise": 0
}