{
    "timestamps": [
        0.0,
        0.5,
        1.0,
        1.5,
        2.0,
        2.5,
        3.0,
        3.5,
        4.0,
        4.5,
        5.0,
        5.5,
        6.0,
        6.5,
        7.0,
        7.5,
        8.0,
        8.5,
        9.0,
        9.5,
        10.0,
        10.5,
        11.0,
        11.5,
        12.0,
        12.5,
        13.0,
        13.5,
        14.0,
        14.5,
        15.0,
        15.5,
        16.0,
        16.5,
        17.0,
        17.5,
        18.0,
        18.5,
        19.0,
        19.5,
        20.0,
        20.5,
        21.0,
        21.5,
        22.0,
        22.5,
        23.0,
        23.5,
        24.0,
        24.5,
        25.0,
        25.5,
        26.0,
        26.5,
        27.0,
        27.5,
        28.0,
        28.5,
        29.0,
        29.5,
        30.0
    ],
    "bandwidths": [
        0.1,
        0.626944,
        0.48,
        4.176,
        2.472,
        1.8,
        2.256,
        2.304,
        3.0,
        1.92,
        1.32,
        1.824,
        4.368,
        3.624,
        1.416,
        0.12,
        1.176,
        1.08,
        5.256,
        6.6,
        4.224,
        4.488,
        2.016,
        2.832,
        3.84,
        2.928,
        3.72,
        3.792,
        3.312,
        2.376,
        2.496,
        5.208,
        2.856,
        2.208,
        2.856,
        2.304,
        2.736,
        2.736,
        2.376,
        1.632,
        2.184,
        1.392,
        1.368,
        1.176,
        2.232,
        1.968,
        1.68,
        1.752,
        2.112,
        1.896,
        2.424,
        2.688,
        1.104,
        0.48,
        1.896,
        1.632,
        1.392,
        1.824,
        2.4,
        1.272,
        2.088
    ],
    "delays": [
        15.0135
    ],
    "loss": 0,
    "queue": 10,
    "delay_noise": 0
}