{
    "timestamps": [
        0.0,
        0.5,
        1.0,
        1.5,
        2.0,
        2.5,
        3.0,
        3.5,
        4.0,
        4.5,
        5.0,
        5.5,
        6.0,
        6.5,
        7.0,
        7.5,
        8.0,
        8.5,
        9.0,
        9.5,
        10.0,
        10.5,
        11.0,
        11.5,
        12.0,
        12.5,
        13.0,
        13.5,
        14.0,
        14.5,
        15.0,
        15.5,
        16.0,
        16.5,
        17.0,
        17.5,
        18.0,
        18.5,
        19.0,
        19.5,
        20.0,
        20.5,
        21.0,
        21.5,
        22.0,
        22.5,
        23.0,
        23.5,
        24.0,
        24.5,
        25.0,
        25.5,
        26.0,
        26.5,
        27.0,
        27.5,
        28.0,
        28.5,
        29.0,
        29.5,
        30.0,
        30.5
    ],
    "bandwidths": [
        0.1,
        6.674944,
        22.368,
        19.824,
        19.248,
        16.776,
        14.64,
        18.744,
        14.04,
        15.936,
        17.304,
        15.192,
        7.992,
        9.888,
        7.752,
        12.576,
        8.064,
        6.432,
        16.416,
        17.184,
        11.328,
        9.408,
        4.128,
        9.048,
        8.904,
        11.4,
        10.608,
        7.8,
        7.968,
        10.296,
        8.424,
        8.448,
        9.528,
        11.928,
        14.808,
        10.464,
        3.744,
        6.816,
        6.432,
        13.992,
        12.024,
        8.352,
        9.072,
        12.672,
        10.296,
        6.744,
        7.8,
        6.864,
        7.776,
        8.256,
        10.128,
        9.456,
        5.928,
        6.48,
        9.48,
        8.112,
        6.96,
        2.64,
        3.384,
        4.68,
        7.848,
        0.312
    ],
    "delays": [
        14.506
    ],
    "loss": 0,
    "queue": 10,
    "delay_noise": 0
}