{
    "timestamps": [
        0.0,
        0.5,
        1.0,
        1.5,
        2.0,
        2.5,
        3.0,
        3.5,
        4.0,
        4.5,
        5.0,
        5.5,
        6.0,
        6.5,
        7.0,
        7.5,
        8.0,
        8.5,
        9.0,
        9.5,
        10.0,
        10.5,
        11.0,
        11.5,
        12.0,
        12.5,
        13.0,
        13.5,
        14.0,
        14.5,
        15.0,
        15.5,
        16.0,
        16.5,
        17.0,
        17.5,
        18.0,
        18.5,
        19.0,
        19.5,
        20.0,
        20.5,
        21.0,
        21.5,
        22.0,
        22.5,
        23.0,
        23.5,
        24.0,
        24.5,
        25.0,
        25.5,
        26.0,
        26.5,
        27.0,
        27.5,
        28.0,
        28.5,
        29.0,
        29.5,
        30.0
    ],
    "bandwidths": [
        0.1,
        1.154944,
        4.104,
        4.272,
        5.304,
        3.384,
        2.448,
        1.656,
        1.992,
        2.808,
        3.192,
        1.368,
        2.544,
        2.184,
        3.984,
        4.536,
        5.16,
        3.768,
        3.336,
        3.672,
        3.408,
        2.784,
        2.256,
        2.712,
        2.52,
        3.096,
        2.832,
        2.424,
        2.256,
        2.496,
        0.744,
        1.44,
        2.664,
        2.112,
        2.544,
        2.376,
        2.424,
        1.968,
        1.464,
        2.112,
        1.488,
        0.48,
        1.392,
        1.536,
        1.296,
        2.16,
        2.496,
        1.584,
        1.056,
        1.056,
        1.92,
        1.392,
        1.176,
        1.56,
        0.984,
        0.936,
        1.152,
        1.44,
        1.872,
        1.776,
        2.856
    ],
    "delays": [
        17.5365
    ],
    "loss": 0,
    "queue": 10,
    "delay_noise": 0
}