{
    "timestamps": [
        0.0,
        0.5,
        1.0,
        1.5,
        2.0,
        2.5,
        3.0,
        3.5,
        4.0,
        4.5,
        5.0,
        5.5,
        6.0,
        6.5,
        7.0,
        7.5,
        8.0,
        8.5,
        9.0,
        9.5,
        10.0,
        10.5,
        11.0,
        11.5,
        12.0,
        12.5,
        13.0,
        13.5,
        14.0,
        14.5,
        15.0,
        15.5,
        16.0,
        16.5,
        17.0,
        17.5,
        18.0,
        18.5,
        19.0,
        19.5,
        20.0,
        20.5,
        21.0,
        21.5,
        22.0,
        22.5,
        23.0,
        23.5,
        24.0,
        24.5,
        25.0,
        25.5,
        26.0,
        26.5,
        27.0,
        27.5,
        28.0,
        28.5,
        29.0,
        29.5,
        30.0
    ],
    "bandwidths": [
        0.1,
        2.210944,
        8.616,
        11.328,
        17.784,
        11.184,
        11.544,
        12.768,
        13.008,
        10.464,
        11.952,
        15.552,
        11.424,
        7.416,
        8.208,
        13.2,
        13.536,
        11.376,
        12.888,
        8.64,
        13.536,
        12.696,
        12.288,
        21.792,
        24.288,
        24.048,
        22.344,
        23.016,
        15.528,
        11.928,
        7.08,
        6.144,
        12.576,
        15.696,
        22.2,
        22.584,
        23.592,
        24.936,
        22.488,
        16.008,
        23.016,
        24.48,
        26.736,
        25.488,
        27.816,
        26.256,
        20.592,
        18.24,
        14.688,
        19.344,
        16.992,
        16.68,
        21.264,
        11.472,
        23.184,
        24.432,
        7.944,
        9.048,
        10.344,
        14.88,
        13.992
    ],
    "delays": [
        14.317
    ],
    "loss": 0,
    "queue": 10,
    "delay_noise": 0
}