{
    "timestamps": [
        0.0,
        0.5,
        1.0,
        1.5,
        2.0,
        2.5,
        3.0,
        3.5,
        4.0,
        4.5,
        5.0,
        5.5,
        6.0,
        6.5,
        7.0,
        7.5,
        8.0,
        8.5,
        9.0,
        9.5,
        10.0,
        10.5,
        11.0,
        11.5,
        12.0,
        12.5,
        13.0,
        13.5,
        14.0,
        14.5,
        15.0,
        15.5,
        16.0,
        16.5,
        17.0,
        17.5,
        18.0,
        18.5,
        19.0,
        19.5,
        20.0,
        20.5,
        21.0,
        21.5,
        22.0,
        22.5,
        23.0,
        23.5,
        24.0,
        24.5,
        25.0,
        25.5,
        26.0,
        26.5,
        27.0,
        27.5,
        28.0,
        28.5,
        29.0,
        29.5,
        30.0,
        30.5
    ],
    "bandwidths": [
        0.1,
        3.434944,
        21.984,
        17.52,
        10.632,
        11.016,
        14.064,
        17.328,
        14.904,
        9.408,
        7.56,
        6.552,
        9.696,
        10.68,
        8.832,
        8.928,
        7.272,
        7.872,
        9.024,
        3.456,
        5.256,
        9.408,
        10.944,
        13.368,
        12.696,
        11.808,
        10.104,
        7.848,
        7.32,
        9.456,
        8.952,
        7.512,
        10.68,
        14.448,
        6.672,
        9.504,
        9.528,
        8.256,
        7.896,
        6.072,
        4.68,
        4.104,
        2.616,
        3.912,
        4.32,
        7.488,
        5.592,
        9.504,
        7.728,
        5.208,
        8.928,
        5.952,
        4.296,
        6.336,
        3.552,
        2.208,
        3.888,
        6.84,
        5.04,
        5.16,
        7.464,
        0.144
    ],
    "delays": [
        17.486
    ],
    "loss": 0,
    "queue": 10,
    "delay_noise": 0
}