{
    "timestamps": [
        0.0,
        0.5,
        1.0,
        1.5,
        2.0,
        2.5,
        3.0,
        3.5,
        4.0,
        4.5,
        5.0,
        5.5,
        6.0,
        6.5,
        7.0,
        7.5,
        8.0,
        8.5,
        9.0,
        9.5,
        10.0,
        10.5,
        11.0,
        11.5,
        12.0,
        12.5,
        13.0,
        13.5,
        14.0,
        14.5,
        15.0,
        15.5,
        16.0,
        16.5,
        17.0,
        17.5,
        18.0,
        18.5,
        19.0,
        19.5,
        20.0,
        20.5,
        21.0,
        21.5,
        22.0,
        22.5,
        23.0,
        23.5,
        24.0,
        24.5,
        25.0,
        25.5,
        26.0,
        26.5,
        27.0,
        27.5,
        28.0,
        28.5,
        29.0,
        29.5,
        30.0
    ],
    "bandwidths": [
        0.1,
        3.886032,
        2.28,
        3.048,
        3.216,
        1.8,
        1.896,
        1.824,
        1.632,
        1.632,
        1.536,
        1.872,
        1.56,
        1.968,
        2.04,
        1.872,
        1.848,
        1.968,
        1.944,
        1.368,
        1.896,
        1.872,
        1.752,
        1.872,
        1.992,
        1.944,
        1.8,
        1.944,
        0.816,
        1.776,
        2.016,
        2.064,
        2.088,
        2.016,
        1.92,
        1.992,
        1.872,
        1.872,
        1.896,
        0.384,
        1.584,
        1.584,
        0.864,
        1.104,
        1.92,
        1.68,
        1.464,
        1.608,
        1.512,
        2.016,
        1.368,
        0.384,
        1.944,
        1.32,
        1.368,
        0.96,
        0.984,
        0.168,
        1.2,
        1.8,
        0.96
    ],
    "delays": [
        14.7785
    ],
    "loss": 0,
    "queue": 10,
    "delay_noise": 0
}