{
    "timestamps": [
        0.0,
        0.5,
        1.0,
        1.5,
        2.0,
        2.5,
        3.0,
        3.5,
        4.0,
        4.5,
        5.0,
        5.5,
        6.0,
        6.5,
        7.0,
        7.5,
        8.0,
        8.5,
        9.0,
        9.5,
        10.0,
        10.5,
        11.0,
        11.5,
        12.0,
        12.5,
        13.0,
        13.5,
        14.0,
        14.5,
        15.0,
        15.5,
        16.0,
        16.5,
        17.0,
        17.5,
        18.0,
        18.5,
        19.0,
        19.5,
        20.0,
        20.5,
        21.0,
        21.5,
        22.0,
        22.5,
        23.0,
        23.5,
        24.0,
        24.5,
        25.0,
        25.5,
        26.0,
        26.5,
        27.0,
        27.5,
        28.0,
        28.5,
        29.0,
        29.5,
        30.0
    ],
    "bandwidths": [
        0.1,
        3.506944,
        7.704,
        4.272,
        2.616,
        3.168,
        2.448,
        3.168,
        4.008,
        3.192,
        2.64,
        3.696,
        4.704,
        3.816,
        3.936,
        3.96,
        3.216,
        3.072,
        3.0,
        3.888,
        3.792,
        3.984,
        3.744,
        3.816,
        3.336,
        3.432,
        3.432,
        3.36,
        3.696,
        3.624,
        3.552,
        3.216,
        2.952,
        2.928,
        2.76,
        3.0,
        3.384,
        2.64,
        2.952,
        3.168,
        3.0,
        2.808,
        2.616,
        2.76,
        3.576,
        3.864,
        3.504,
        3.816,
        4.104,
        4.176,
        4.464,
        4.776,
        4.368,
        3.288,
        3.384,
        3.504,
        3.216,
        3.36,
        3.816,
        3.72,
        3.456
    ],
    "delays": [
        17.3005
    ],
    "loss": 0,
    "queue": 10,
    "delay_noise": 0
}