{
    "timestamps": [
        0.0,
        0.5,
        1.0,
        1.5,
        2.0,
        2.5,
        3.0,
        3.5,
        4.0,
        4.5,
        5.0,
        5.5,
        6.0,
        6.5,
        7.0,
        7.5,
        8.0,
        8.5,
        9.0,
        9.5,
        10.0,
        10.5,
        11.0,
        11.5,
        12.0,
        12.5,
        13.0,
        13.5,
        14.0,
        14.5,
        15.0,
        15.5,
        16.0,
        16.5,
        17.0,
        17.5,
        18.0,
        18.5,
        19.0,
        19.5,
        20.0,
        20.5,
        21.0,
        21.5,
        22.0,
        22.5,
        23.0,
        23.5,
        24.0,
        24.5,
        25.0,
        25.5,
        26.0,
        26.5,
        27.0,
        27.5,
        28.0,
        28.5,
        29.0,
        29.5,
        30.0,
        30.5
    ],
    "bandwidths": [
        0.1,
        15.698944,
        96.96,
        97.536,
        97.536,
        97.536,
        97.536,
        97.536,
        66.72,
        54.432,
        56.52,
        57.336,
        59.304,
        60.216,
        61.416,
        63.024,
        64.32,
        66.024,
        67.056,
        68.64,
        69.936,
        70.992,
        72.6,
        73.152,
        75.792,
        76.152,
        78.048,
        78.96,
        81.0,
        81.864,
        83.16,
        84.792,
        85.848,
        87.384,
        87.744,
        90.048,
        90.912,
        91.944,
        93.192,
        94.272,
        95.376,
        96.36,
        96.936,
        97.152,
        97.344,
        97.152,
        97.248,
        97.248,
        97.392,
        96.96,
        97.32,
        97.32,
        97.2,
        97.248,
        97.392,
        97.296,
        97.488,
        97.344,
        82.92,
        93.0,
        97.344,
        9.312
    ],
    "delays": [
        32.726
    ],
    "loss": 0,
    "queue": 10,
    "delay_noise": 0
}