{
    "timestamps": [
        0.0,
        0.5,
        1.0,
        1.5,
        2.0,
        2.5,
        3.0,
        3.5,
        4.0,
        4.5,
        5.0,
        5.5,
        6.0,
        6.5,
        7.0,
        7.5,
        8.0,
        8.5,
        9.0,
        9.5,
        10.0,
        10.5,
        11.0,
        11.5,
        12.0,
        12.5,
        13.0,
        13.5,
        14.0,
        14.5,
        15.0,
        15.5,
        16.0,
        16.5,
        17.0,
        17.5,
        18.0,
        18.5,
        19.0,
        19.5,
        20.0,
        20.5,
        21.0,
        21.5,
        22.0,
        22.5,
        23.0,
        23.5,
        24.0,
        24.5,
        25.0,
        25.5,
        26.0,
        26.5,
        27.0,
        27.5,
        28.0,
        28.5,
        29.0,
        29.5,
        30.0
    ],
    "bandwidths": [
        0.1,
        0.722944,
        8.496,
        71.208,
        97.512,
        90.217408,
        97.296,
        97.512,
        97.248,
        97.512,
        97.536,
        97.512,
        97.536,
        97.416,
        97.584,
        97.512,
        97.536,
        97.536,
        97.512,
        97.224,
        97.8,
        96.768,
        90.792,
        56.208,
        48.768,
        35.401408,
        8.328,
        48.552,
        48.768,
        59.4,
        48.768,
        48.744,
        50.304,
        48.744,
        48.768,
        48.744,
        54.696,
        48.744,
        48.552,
        32.736,
        48.768,
        48.408,
        45.624,
        33.768,
        32.496,
        32.52,
        36.12,
        32.496,
        32.52,
        32.52,
        32.496,
        32.52,
        32.904,
        33.672,
        32.88,
        32.496,
        32.52,
        32.496,
        32.52,
        19.68,
        14.28
    ],
    "delays": [
        68.6455
    ],
    "loss": 0,
    "queue": 10,
    "delay_noise": 0
}