{
    "timestamps": [
        0.0,
        0.5,
        1.0,
        1.5,
        2.0,
        2.5,
        3.0,
        3.5,
        4.0,
        4.5,
        5.0,
        5.5,
        6.0,
        6.5,
        7.0,
        7.5,
        8.0,
        8.5,
        9.0,
        9.5,
        10.0,
        10.5,
        11.0,
        11.5,
        12.0,
        12.5,
        13.0,
        13.5,
        14.0,
        14.5,
        15.0,
        15.5,
        16.0,
        16.5,
        17.0,
        17.5,
        18.0,
        18.5,
        19.0,
        19.5,
        20.0,
        20.5,
        21.0,
        21.5,
        22.0,
        22.5,
        23.0,
        23.5,
        24.0,
        24.5,
        25.0,
        25.5,
        26.0,
        26.5,
        27.0,
        27.5,
        28.0,
        28.5,
        29.0,
        29.5,
        30.0
    ],
    "bandwidths": [
        0.1,
        0.722944,
        10.368,
        72.984,
        97.536,
        89.16,
        72.264,
        75.432,
        76.944,
        79.584,
        80.304,
        82.584,
        82.632,
        84.192,
        84.288,
        85.728,
        84.984,
        85.992,
        85.584,
        85.848,
        85.728,
        85.92,
        83.496,
        53.256,
        41.856,
        29.76,
        32.04,
        32.376,
        34.008,
        34.056,
        34.896,
        35.352,
        35.472,
        35.616,
        35.52,
        36.0,
        35.352,
        35.952,
        35.496,
        36.096,
        35.688,
        36.36,
        36.24,
        30.36,
        26.568,
        29.664,
        30.528,
        32.64,
        32.904,
        35.088,
        35.184,
        36.144,
        36.216,
        36.72,
        35.616,
        34.344,
        26.232,
        28.896,
        30.312,
        32.112,
        28.68
    ],
    "delays": [
        70.1125
    ],
    "loss": 0,
    "queue": 10,
    "delay_noise": 0
}