{
    "timestamps": [
        0.0,
        0.5,
        1.0,
        1.5,
        2.0,
        2.5,
        3.0,
        3.5,
        4.0,
        4.5,
        5.0,
        5.5,
        6.0,
        6.5,
        7.0,
        7.5,
        8.0,
        8.5,
        9.0,
        9.5,
        10.0,
        10.5,
        11.0,
        11.5,
        12.0,
        12.5,
        13.0,
        13.5,
        14.0,
        14.5,
        15.0,
        15.5,
        16.0,
        16.5,
        17.0,
        17.5,
        18.0,
        18.5,
        19.0,
        19.5,
        20.0,
        20.5,
        21.0,
        21.5,
        22.0,
        22.5,
        23.0,
        23.5,
        24.0,
        24.5,
        25.0,
        25.5,
        26.0,
        26.5,
        27.0,
        27.5,
        28.0,
        28.5,
        29.0,
        29.5,
        30.0
    ],
    "bandwidths": [
        0.1,
        0.722944,
        10.632,
        73.728,
        97.512,
        91.056,
        73.2,
        74.664,
        78.168,
        79.44,
        81.408,
        82.968,
        83.424,
        85.56,
        84.816,
        86.784,
        85.8,
        87.144,
        86.688,
        86.976,
        87.0,
        86.616,
        84.336,
        53.016,
        40.536,
        30.96,
        31.872,
        33.768,
        33.72,
        35.352,
        34.992,
        36.096,
        35.712,
        36.336,
        35.976,
        36.144,
        36.288,
        35.928,
        36.6,
        35.952,
        37.008,
        36.48,
        37.152,
        31.224,
        26.76,
        29.928,
        30.936,
        33.264,
        33.84,
        35.64,
        35.544,
        37.056,
        36.696,
        37.536,
        36.792,
        37.464,
        36.984,
        36.96,
        36.6,
        36.48,
        31.416
    ],
    "delays": [
        69.714
    ],
    "loss": 0,
    "queue": 10,
    "delay_noise": 0
}