{
    "timestamps": [
        0.0,
        0.5,
        1.0,
        1.5,
        2.0,
        2.5,
        3.0,
        3.5,
        4.0,
        4.5,
        5.0,
        5.5,
        6.0,
        6.5,
        7.0,
        7.5,
        8.0,
        8.5,
        9.0,
        9.5,
        10.0,
        10.5,
        11.0,
        11.5,
        12.0,
        12.5,
        13.0,
        13.5,
        14.0,
        14.5,
        15.0,
        15.5,
        16.0,
        16.5,
        17.0,
        17.5,
        18.0,
        18.5,
        19.0,
        19.5,
        20.0,
        20.5,
        21.0,
        21.5,
        22.0,
        22.5,
        23.0,
        23.5,
        24.0,
        24.5,
        25.0,
        25.5,
        26.0,
        26.5,
        27.0,
        27.5,
        28.0,
        28.5,
        29.0,
        29.5,
        30.0
    ],
    "bandwidths": [
        0.1,
        0.722944,
        9.744,
        71.64,
        97.56,
        91.944,
        72.84,
        74.664,
        77.568,
        78.816,
        81.096,
        81.576,
        70.872,
        59.88,
        62.688,
        63.864,
        66.072,
        66.672,
        68.52,
        68.424,
        69.816,
        69.648,
        69.36,
        52.536,
        38.856,
        32.328,
        26.376,
        27.576,
        28.68,
        29.28,
        29.856,
        30.432,
        30.528,
        30.864,
        30.792,
        30.816,
        30.528,
        31.176,
        30.504,
        31.176,
        30.912,
        31.536,
        31.368,
        31.848,
        32.808,
        33.552,
        34.728,
        35.64,
        37.68,
        39.6,
        41.16,
        38.28,
        32.496,
        34.08,
        36.648,
        37.92,
        38.352,
        32.472,
        29.928,
        30.672,
        27.6
    ],
    "delays": [
        70.594
    ],
    "loss": 0,
    "queue": 10,
    "delay_noise": 0
}