{
    "timestamps": [
        0.0,
        0.5,
        1.0,
        1.5,
        2.0,
        2.5,
        3.0,
        3.5,
        4.0,
        4.5,
        5.0,
        5.5,
        6.0,
        6.5,
        7.0,
        7.5,
        8.0,
        8.5,
        9.0,
        9.5,
        10.0,
        10.5,
        11.0,
        11.5,
        12.0,
        12.5,
        13.0,
        13.5,
        14.0,
        14.5,
        15.0,
        15.5,
        16.0,
        16.5,
        17.0,
        17.5,
        18.0,
        18.5,
        19.0,
        19.5,
        20.0,
        20.5,
        21.0,
        21.5,
        22.0,
        22.5,
        23.0,
        23.5,
        24.0,
        24.5,
        25.0,
        25.5,
        26.0,
        26.5,
        27.0,
        27.5,
        28.0,
        28.5,
        29.0,
        29.5,
        30.0
    ],
    "bandwidths": [
        0.1,
        0.958032,
        14.712,
        85.8,
        97.488,
        97.536,
        97.536,
        97.512,
        97.512,
        97.32,
        97.248,
        97.512,
        97.512,
        97.152,
        96.864,
        97.368,
        96.984,
        96.768,
        97.248,
        97.032,
        97.392,
        96.552,
        86.304,
        57.216,
        54.024,
        49.296,
        48.936,
        49.08,
        48.768,
        48.768,
        48.912,
        49.056,
        48.912,
        48.912,
        49.056,
        48.912,
        48.912,
        49.176,
        48.912,
        49.056,
        49.2,
        48.6,
        42.96,
        34.68,
        34.104,
        32.736,
        33.792,
        33.912,
        32.592,
        33.576,
        33.288,
        32.568,
        32.424,
        32.352,
        32.568,
        32.328,
        32.448,
        32.52,
        32.544,
        32.544,
        19.584
    ],
    "delays": [
        68.636
    ],
    "loss": 0,
    "queue": 10,
    "delay_noise": 0
}