{
    "timestamps": [
        0.0,
        0.5,
        1.0,
        1.5,
        2.0,
        2.5,
        3.0,
        3.5,
        4.0,
        4.5,
        5.0,
        5.5,
        6.0,
        6.5,
        7.0,
        7.5,
        8.0,
        8.5,
        9.0,
        9.5,
        10.0,
        10.5,
        11.0,
        11.5,
        12.0,
        12.5,
        13.0,
        13.5,
        14.0,
        14.5,
        15.0,
        15.5,
        16.0,
        16.5,
        17.0,
        17.5,
        18.0,
        18.5,
        19.0,
        19.5,
        20.0,
        20.5,
        21.0,
        21.5,
        22.0,
        22.5,
        23.0,
        23.5,
        24.0,
        24.5,
        25.0,
        25.5,
        26.0,
        26.5,
        27.0,
        27.5,
        28.0,
        28.5,
        29.0,
        29.5,
        30.0
    ],
    "bandwidths": [
        0.1,
        0.958032,
        8.784,
        84.888,
        97.512,
        97.512,
        97.512,
        97.512,
        97.536,
        97.464,
        96.576,
        97.104,
        97.152,
        97.104,
        97.128,
        97.176,
        96.648,
        97.08,
        96.888,
        97.368,
        96.744,
        96.144,
        83.856,
        49.176,
        48.816,
        48.768,
        49.344,
        49.056,
        49.2,
        48.984,
        49.224,
        48.96,
        48.96,
        48.984,
        48.984,
        49.296,
        48.816,
        48.984,
        49.248,
        48.888,
        48.936,
        48.552,
        42.96,
        33.744,
        33.072,
        32.592,
        32.856,
        32.976,
        32.88,
        32.352,
        32.472,
        32.928,
        32.472,
        32.184,
        32.52,
        32.256,
        32.112,
        32.232,
        31.92,
        32.256,
        19.464
    ],
    "delays": [
        71.1555
    ],
    "loss": 0,
    "queue": 10,
    "delay_noise": 0
}