{
    "timestamps": [
        0.0,
        0.5,
        1.0,
        1.5,
        2.0,
        2.5,
        3.0,
        3.5,
        4.0,
        4.5,
        5.0,
        5.5,
        6.0,
        6.5,
        7.0,
        7.5,
        8.0,
        8.5,
        9.0,
        9.5,
        10.0,
        10.5,
        11.0,
        11.5,
        12.0,
        12.5,
        13.0,
        13.5,
        14.0,
        14.5,
        15.0,
        15.5,
        16.0,
        16.5,
        17.0,
        17.5,
        18.0,
        18.5,
        19.0,
        19.5,
        20.0,
        20.5,
        21.0,
        21.5,
        22.0,
        22.5,
        23.0,
        23.5,
        24.0,
        24.5,
        25.0,
        25.5,
        26.0,
        26.5,
        27.0,
        27.5,
        28.0,
        28.5,
        29.0,
        29.5,
        30.0
    ],
    "bandwidths": [
        0.1,
        0.722944,
        9.288,
        70.536,
        97.128,
        51.096,
        51.288,
        51.912,
        51.6,
        52.008,
        51.648,
        52.152,
        51.6,
        52.056,
        51.72,
        52.152,
        51.696,
        52.296,
        51.84,
        52.44,
        51.84,
        52.416,
        51.768,
        46.296,
        25.944,
        26.544,
        26.544,
        27.168,
        26.976,
        27.888,
        27.432,
        28.632,
        27.864,
        29.256,
        28.464,
        29.856,
        28.992,
        30.48,
        29.688,
        30.984,
        30.048,
        31.656,
        30.552,
        31.128,
        31.608,
        30.504,
        32.592,
        31.68,
        33.072,
        32.304,
        33.6,
        32.976,
        34.08,
        33.624,
        34.632,
        34.248,
        35.232,
        34.704,
        36.048,
        35.16,
        29.52
    ],
    "delays": [
        71.0815
    ],
    "loss": 0,
    "queue": 10,
    "delay_noise": 0
}