{
    "timestamps": [
        0.0,
        0.5,
        1.0,
        1.5,
        2.0,
        2.5,
        3.0,
        3.5,
        4.0,
        4.5,
        5.0,
        5.5,
        6.0,
        6.5,
        7.0,
        7.5,
        8.0,
        8.5,
        9.0,
        9.5,
        10.0,
        10.5,
        11.0,
        11.5,
        12.0,
        12.5,
        13.0,
        13.5,
        14.0,
        14.5,
        15.0,
        15.5,
        16.0,
        16.5,
        17.0,
        17.5,
        18.0,
        18.5,
        19.0,
        19.5,
        20.0,
        20.5,
        21.0,
        21.5,
        22.0,
        22.5,
        23.0,
        23.5,
        24.0,
        24.5,
        25.0,
        25.5,
        26.0,
        26.5,
        27.0,
        27.5,
        28.0,
        28.5,
        29.0,
        29.5,
        30.0
    ],
    "bandwidths": [
        0.1,
        0.722944,
        10.2,
        72.792,
        96.048,
        51.72,
        52.728,
        52.296,
        53.472,
        52.632,
        54.432,
        53.112,
        54.864,
        54.048,
        54.96,
        55.128,
        55.416,
        55.872,
        55.896,
        56.544,
        56.088,
        57.6,
        56.088,
        49.152,
        28.2,
        29.688,
        29.04,
        29.976,
        29.928,
        30.288,
        30.696,
        30.552,
        31.632,
        30.888,
        32.472,
        31.44,
        32.952,
        32.208,
        33.432,
        32.808,
        34.032,
        33.6,
        34.104,
        32.736,
        12.36,
        8.808,
        8.976,
        9.48,
        9.528,
        10.08,
        10.176,
        10.608,
        10.848,
        11.088,
        11.472,
        11.712,
        12.144,
        12.096,
        13.008,
        12.72,
        11.52
    ],
    "delays": [
        70.155
    ],
    "loss": 0,
    "queue": 10,
    "delay_noise": 0
}