{
    "timestamps": [
        0.0,
        0.5,
        1.0,
        1.5,
        2.0,
        2.5,
        3.0,
        3.5,
        4.0,
        4.5,
        5.0,
        5.5,
        6.0,
        6.5,
        7.0,
        7.5,
        8.0,
        8.5,
        9.0,
        9.5,
        10.0,
        10.5,
        11.0,
        11.5,
        12.0,
        12.5,
        13.0,
        13.5,
        14.0,
        14.5,
        15.0,
        15.5,
        16.0,
        16.5,
        17.0,
        17.5,
        18.0,
        18.5,
        19.0,
        19.5,
        20.0,
        20.5,
        21.0,
        21.5,
        22.0,
        22.5,
        23.0,
        23.5,
        24.0,
        24.5,
        25.0,
        25.5,
        26.0,
        26.5,
        27.0,
        27.5,
        28.0,
        28.5,
        29.0,
        29.5,
        30.0
    ],
    "bandwidths": [
        0.1,
        0.722944,
        11.736,
        76.056,
        93.384,
        52.368,
        53.52,
        53.592,
        53.544,
        54.696,
        54.168,
        54.744,
        55.392,
        44.448,
        28.176,
        28.128,
        28.32,
        29.136,
        28.896,
        29.088,
        30.24,
        29.76,
        30.528,
        30.528,
        30.096,
        31.416,
        30.792,
        31.632,
        31.824,
        31.752,
        32.856,
        32.544,
        32.712,
        33.816,
        33.456,
        34.224,
        34.176,
        34.488,
        35.112,
        35.208,
        35.136,
        36.36,
        35.856,
        35.664,
        35.352,
        36.288,
        36.432,
        37.104,
        37.08,
        37.512,
        37.608,
        38.088,
        38.76,
        38.472,
        39.288,
        39.072,
        39.648,
        40.344,
        39.84,
        40.92,
        35.304
    ],
    "delays": [
        68.6325
    ],
    "loss": 0,
    "queue": 10,
    "delay_noise": 0
}