{
    "timestamps": [
        0.0,
        0.5,
        1.0,
        1.5,
        2.0,
        2.5,
        3.0,
        3.5,
        4.0,
        4.5,
        5.0,
        5.5,
        6.0,
        6.5,
        7.0,
        7.5,
        8.0,
        8.5,
        9.0,
        9.5,
        10.0,
        10.5,
        11.0,
        11.5,
        12.0,
        12.5,
        13.0,
        13.5,
        14.0,
        14.5,
        15.0,
        15.5,
        16.0,
        16.5,
        17.0,
        17.5,
        18.0,
        18.5,
        19.0,
        19.5,
        20.0,
        20.5,
        21.0,
        21.5,
        22.0,
        22.5,
        23.0,
        23.5,
        24.0,
        24.5,
        25.0,
        25.5,
        26.0,
        26.5,
        27.0,
        27.5,
        28.0,
        28.5,
        29.0,
        29.5,
        30.0
    ],
    "bandwidths": [
        0.1,
        0.290944,
        0.84,
        1.104,
        1.056,
        1.296,
        1.32,
        1.512,
        1.488,
        1.464,
        1.848,
        2.232,
        1.68,
        1.416,
        1.32,
        1.536,
        1.68,
        1.896,
        1.944,
        1.8,
        1.224,
        0.912,
        0.744,
        1.248,
        1.032,
        1.056,
        0.96,
        1.392,
        1.272,
        1.272,
        1.032,
        1.008,
        1.08,
        1.2,
        1.176,
        1.104,
        1.152,
        1.224,
        1.8,
        1.92,
        1.536,
        1.656,
        1.8,
        1.008,
        1.272,
        1.296,
        1.416,
        1.224,
        1.248,
        1.44,
        1.584,
        1.608,
        1.368,
        0.936,
        1.344,
        1.608,
        1.464,
        1.44,
        1.584,
        1.368,
        1.176
    ],
    "delays": [
        86.7285
    ],
    "loss": 0,
    "queue": 10,
    "delay_noise": 0,
    "T_s": 0
}