{
    "timestamps": [
        0.0,
        0.5,
        1.0,
        1.5,
        2.0,
        2.5,
        3.0,
        3.5,
        4.0,
        4.5,
        5.0,
        5.5,
        6.0,
        6.5,
        7.0,
        7.5,
        8.0,
        8.5,
        9.0,
        9.5,
        10.0,
        10.5,
        11.0,
        11.5,
        12.0,
        12.5,
        13.0,
        13.5,
        14.0,
        14.5,
        15.0,
        15.5,
        16.0,
        16.5,
        17.0,
        17.5,
        18.0,
        18.5,
        19.0,
        19.5,
        20.0,
        20.5,
        21.0,
        21.5,
        22.0,
        22.5,
        23.0,
        23.5,
        24.0,
        24.5,
        25.0,
        25.5,
        26.0,
        26.5,
        27.0,
        27.5,
        28.0,
        28.5,
        29.0,
        29.5,
        30.0
    ],
    "bandwidths": [
        0.1,
        0.256,
        0.67872,
        0.429856,
        0.793072,
        0.745392,
        0.65712,
        0.7008,
        0.655824,
        0.58768,
        0.655008,
        0.5656,
        0.542976,
        0.610848,
        0.723968,
        0.45248,
        0.588224,
        0.79184,
        0.769216,
        0.79184,
        0.656096,
        0.656096,
        0.588224,
        0.5656,
        0.610576,
        0.656096,
        0.746592,
        0.723968,
        0.769216,
        0.67872,
        0.837088,
        0.633472,
        0.701072,
        0.67872,
        0.837088,
        0.5656,
        0.588224,
        0.497456,
        0.542432,
        0.656096,
        0.633472,
        0.610848,
        0.588224,
        0.6332,
        0.67872,
        0.5656,
        0.54216,
        0.655776,
        0.407232,
        0.451936,
        0.45248,
        0.587952,
        0.701344,
        0.610848,
        0.520352,
        0.588224,
        0.45248,
        0.36144,
        0.497456,
        0.40696,
        0.338816
    ],
    "delays": [
        36.1695
    ],
    "loss": 0,
    "queue": 10,
    "delay_noise": 0
}