{
    "timestamps": [
        0.0,
        0.5,
        1.0,
        1.5,
        2.0,
        2.5,
        3.0,
        3.5,
        4.0,
        4.5,
        5.0,
        5.5,
        6.0,
        6.5,
        7.0,
        7.5,
        8.0,
        8.5,
        9.0,
        9.5,
        10.0,
        10.5,
        11.0,
        11.5,
        12.0,
        12.5,
        13.0,
        13.5,
        14.0,
        14.5,
        15.0,
        15.5,
        16.0,
        16.5,
        17.0,
        17.5,
        18.0,
        18.5,
        19.0,
        19.5,
        20.0,
        20.5,
        21.0,
        21.5,
        22.0,
        22.5,
        23.0,
        23.5,
        24.0,
        24.5,
        25.0,
        25.5,
        26.0,
        26.5,
        27.0,
        27.5,
        28.0,
        28.5,
        29.0,
        29.5,
        30.0
    ],
    "bandwidths": [
        0.1,
        0.23496,
        0.45248,
        0.454336,
        0.407232,
        0.54272,
        0.475744,
        0.383872,
        0.45144,
        0.361984,
        0.383376,
        0.633216,
        0.542976,
        0.406976,
        0.4296,
        0.43128,
        0.475104,
        0.429856,
        0.522,
        0.497728,
        0.384608,
        0.610848,
        0.769216,
        0.656096,
        0.701344,
        0.67872,
        0.723968,
        0.882336,
        0.972832,
        1.01808,
        0.882336,
        0.927584,
        1.040704,
        0.814464,
        1.017808,
        1.01808,
        0.859712,
        0.791568,
        0.79184,
        0.837088,
        0.723968,
        0.949936,
        1.040704,
        0.995456,
        0.995456,
        1.01808,
        1.040704,
        0.701344,
        0.92704,
        0.90496,
        0.837088,
        0.972832,
        0.769216,
        0.950208,
        0.769216,
        0.836816,
        0.837088,
        0.656096,
        0.838192,
        0.837088,
        0.520352
    ],
    "delays": [
        38.941
    ],
    "loss": 0,
    "queue": 10,
    "delay_noise": 0
}