{
    "timestamps": [
        0.0,
        0.5,
        1.0,
        1.5,
        2.0,
        2.5,
        3.0,
        3.5,
        4.0,
        4.5,
        5.0,
        5.5,
        6.0,
        6.5,
        7.0,
        7.5,
        8.0,
        8.5,
        9.0,
        9.5,
        10.0,
        10.5,
        11.0,
        11.5,
        12.0,
        12.5,
        13.0,
        13.5,
        14.0,
        14.5,
        15.0,
        15.5,
        16.0,
        16.5,
        17.0,
        17.5,
        18.0,
        18.5,
        19.0,
        19.5,
        20.0,
        20.5,
        21.0,
        21.5,
        22.0,
        22.5,
        23.0,
        23.5,
        24.0,
        24.5,
        25.0,
        25.5,
        26.0,
        26.5,
        27.0,
        27.5,
        28.0,
        28.5,
        29.0,
        29.5,
        30.0
    ],
    "bandwidths": [
        0.1,
        0.49392,
        1.52464,
        1.595008,
        1.595008,
        1.712288,
        1.7592,
        1.712288,
        1.806112,
        1.782656,
        1.829568,
        1.782656,
        1.7592,
        1.454272,
        1.595008,
        1.548096,
        1.712288,
        1.7592,
        1.64192,
        1.430816,
        1.548096,
        1.454272,
        1.1728,
        1.125888,
        1.008608,
        1.243168,
        0.961696,
        1.219712,
        1.008608,
        0.961696,
        1.149344,
        1.008608,
        1.032064,
        0.797504,
        0.70368,
        0.727136,
        0.727136,
        1.032064,
        1.032064,
        0.70368,
        0.562944,
        0.492576,
        0.35184,
        0.164192,
        0.11728,
        0.1,
        0.138336,
        0.11728,
        0.164192,
        0.11328,
        0.1,
        0.1,
        0.1,
        0.1,
        0.1,
        0.1,
        0.1,
        0.1,
        0.1,
        0.23456,
        0.164192
    ],
    "delays": [
        33.3465
    ],
    "loss": 0,
    "queue": 10,
    "delay_noise": 0,
    "T_s": 0
}