{
    "timestamps": [
        0.0,
        0.5,
        1.0,
        1.5,
        2.0,
        2.5,
        3.0,
        3.5,
        4.0,
        4.5,
        5.0,
        5.5,
        6.0,
        6.5,
        7.0,
        7.5,
        8.0,
        8.5,
        9.0,
        9.5,
        10.0,
        10.5,
        11.0,
        11.5,
        12.0,
        12.5,
        13.0,
        13.5,
        14.0,
        14.5,
        15.0,
        15.5,
        16.0,
        16.5,
        17.0,
        17.5,
        18.0,
        18.5,
        19.0,
        19.5,
        20.0,
        20.5,
        21.0,
        21.5,
        22.0,
        22.5,
        23.0,
        23.5,
        24.0,
        24.5,
        25.0,
        25.5,
        26.0,
        26.5,
        27.0,
        27.5,
        28.0,
        28.5,
        29.0,
        29.5,
        30.0,
        30.5
    ],
    "bandwidths": [
        0.1,
        2.450944,
        5.664,
        6.048,
        5.976,
        6.408,
        6.912,
        6.672,
        6.168,
        3.936,
        5.52,
        6.216,
        4.92,
        6.768,
        7.176,
        6.888,
        5.784,
        5.712,
        6.552,
        5.592,
        4.704,
        3.984,
        1.776,
        6.648,
        7.2,
        7.44,
        7.512,
        7.344,
        7.704,
        2.856,
        2.616,
        5.616,
        2.568,
        4.08,
        2.544,
        1.848,
        2.352,
        2.208,
        4.32,
        2.304,
        2.088,
        2.568,
        2.136,
        1.32,
        2.232,
        3.144,
        4.128,
        3.48,
        2.856,
        4.728,
        2.808,
        2.616,
        2.88,
        4.104,
        3.432,
        3.96,
        4.104,
        3.984,
        3.288,
        3.504,
        3.288,
        0.144
    ],
    "delays": [
        30.2105
    ],
    "loss": 0,
    "queue": 10,
    "delay_noise": 0
}