{
    "timestamps": [
        0.0,
        0.5,
        1.0,
        1.5,
        2.0,
        2.5,
        3.0,
        3.5,
        4.0,
        4.5,
        5.0,
        5.5,
        6.0,
        6.5,
        7.0,
        7.5,
        8.0,
        8.5,
        9.0,
        9.5,
        10.0,
        10.5,
        11.0,
        11.5,
        12.0,
        12.5,
        13.0,
        13.5,
        14.0,
        14.5,
        15.0,
        15.5,
        16.0,
        16.5,
        17.0,
        17.5,
        18.0,
        18.5,
        19.0,
        19.5,
        20.0,
        20.5,
        21.0,
        21.5,
        22.0,
        22.5,
        23.0,
        23.5,
        24.0,
        24.5,
        25.0,
        25.5,
        26.0,
        26.5,
        27.0,
        27.5,
        28.0,
        28.5,
        29.0,
        29.5,
        30.0,
        30.5
    ],
    "bandwidths": [
        0.1,
        2.834944,
        4.68,
        4.608,
        4.896,
        3.84,
        3.816,
        2.856,
        2.832,
        4.08,
        5.592,
        4.44,
        5.256,
        4.704,
        3.648,
        3.24,
        3.864,
        3.696,
        5.232,
        5.544,
        5.592,
        3.72,
        2.088,
        5.376,
        6.264,
        4.368,
        4.944,
        4.728,
        5.112,
        3.504,
        5.304,
        5.04,
        5.328,
        5.712,
        4.8,
        2.592,
        3.864,
        3.288,
        4.512,
        4.344,
        4.8,
        5.16,
        3.144,
        5.016,
        5.568,
        5.448,
        5.304,
        3.432,
        4.176,
        5.136,
        5.496,
        5.64,
        4.344,
        7.2,
        7.44,
        7.152,
        7.32,
        7.872,
        8.568,
        9.072,
        8.952,
        0.336
    ],
    "delays": [
        27.46
    ],
    "loss": 0,
    "queue": 10,
    "delay_noise": 0
}