{
    "timestamps": [
        0.0,
        0.5,
        1.0,
        1.5,
        2.0,
        2.5,
        3.0,
        3.5,
        4.0,
        4.5,
        5.0,
        5.5,
        6.0,
        6.5,
        7.0,
        7.5,
        8.0,
        8.5,
        9.0,
        9.5,
        10.0,
        10.5,
        11.0,
        11.5,
        12.0,
        12.5,
        13.0,
        13.5,
        14.0,
        14.5,
        15.0,
        15.5,
        16.0,
        16.5,
        17.0,
        17.5,
        18.0,
        18.5,
        19.0,
        19.5,
        20.0,
        20.5,
        21.0,
        21.5,
        22.0,
        22.5,
        23.0,
        23.5,
        24.0,
        24.5,
        25.0,
        25.5,
        26.0,
        26.5,
        27.0,
        27.5,
        28.0,
        28.5,
        29.0,
        29.5,
        30.0,
        30.5
    ],
    "bandwidths": [
        0.1,
        1.394944,
        1.656,
        1.872,
        0.984,
        1.608,
        1.392,
        1.248,
        1.272,
        1.68,
        1.32,
        1.368,
        1.488,
        1.968,
        1.824,
        1.272,
        2.088,
        1.848,
        2.16,
        1.656,
        2.112,
        1.44,
        0.72,
        1.848,
        1.536,
        2.04,
        1.824,
        1.944,
        2.184,
        1.416,
        1.584,
        1.08,
        1.32,
        1.704,
        1.272,
        1.128,
        1.368,
        2.04,
        0.984,
        1.296,
        1.704,
        1.824,
        2.04,
        1.536,
        2.232,
        3.312,
        2.832,
        3.864,
        2.376,
        2.856,
        2.472,
        3.72,
        2.472,
        2.496,
        1.944,
        2.544,
        2.64,
        3.168,
        2.736,
        2.496,
        2.544,
        0.144
    ],
    "delays": [
        28.911
    ],
    "loss": 0,
    "queue": 10,
    "delay_noise": 0
}