{
    "timestamps": [
        0.0,
        0.5,
        1.0,
        1.5,
        2.0,
        2.5,
        3.0,
        3.5,
        4.0,
        4.5,
        5.0,
        5.5,
        6.0,
        6.5,
        7.0,
        7.5,
        8.0,
        8.5,
        9.0,
        9.5,
        10.0,
        10.5,
        11.0,
        11.5,
        12.0,
        12.5,
        13.0,
        13.5,
        14.0,
        14.5,
        15.0,
        15.5,
        16.0,
        16.5,
        17.0,
        17.5,
        18.0,
        18.5,
        19.0,
        19.5,
        20.0,
        20.5,
        21.0,
        21.5,
        22.0,
        22.5,
        23.0,
        23.5,
        24.0,
        24.5,
        25.0,
        25.5,
        26.0,
        26.5,
        27.0,
        27.5,
        28.0,
        28.5,
        29.0,
        29.5,
        30.0,
        30.5
    ],
    "bandwidths": [
        0.1,
        3.794944,
        7.056,
        3.744,
        5.76,
        7.44,
        6.432,
        5.688,
        3.504,
        5.352,
        5.352,
        5.064,
        5.136,
        5.928,
        5.664,
        5.664,
        5.76,
        6.192,
        4.632,
        3.144,
        4.392,
        5.28,
        4.32,
        3.144,
        3.144,
        3.36,
        2.64,
        3.72,
        3.408,
        4.44,
        6.024,
        6.0,
        6.6,
        6.216,
        5.784,
        5.76,
        6.48,
        7.416,
        7.128,
        4.296,
        4.176,
        5.184,
        7.464,
        7.008,
        8.256,
        8.256,
        7.488,
        8.712,
        6.096,
        5.904,
        6.552,
        6.0,
        3.792,
        5.736,
        7.248,
        7.968,
        8.4,
        5.064,
        5.376,
        5.712,
        5.376,
        0.144
    ],
    "delays": [
        28.7275
    ],
    "loss": 0,
    "queue": 10,
    "delay_noise": 0
}