{
    "timestamps": [
        0.0,
        0.5,
        1.0,
        1.5,
        2.0,
        2.5,
        3.0,
        3.5,
        4.0,
        4.5,
        5.0,
        5.5,
        6.0,
        6.5,
        7.0,
        7.5,
        8.0,
        8.5,
        9.0,
        9.5,
        10.0,
        10.5,
        11.0,
        11.5,
        12.0,
        12.5,
        13.0,
        13.5,
        14.0,
        14.5,
        15.0,
        15.5,
        16.0,
        16.5,
        17.0,
        17.5,
        18.0,
        18.5,
        19.0,
        19.5,
        20.0,
        20.5,
        21.0,
        21.5,
        22.0,
        22.5,
        23.0,
        23.5,
        24.0,
        24.5,
        25.0,
        25.5,
        26.0,
        26.5,
        27.0,
        27.5,
        28.0,
        28.5,
        29.0,
        29.5,
        30.0
    ],
    "bandwidths": [
        0.1,
        6.022032,
        5.76,
        4.104,
        3.168,
        2.664,
        2.712,
        2.856,
        2.592,
        2.64,
        2.76,
        2.808,
        2.832,
        2.712,
        2.688,
        2.808,
        2.784,
        2.688,
        2.448,
        2.808,
        2.808,
        2.808,
        2.808,
        2.496,
        1.92,
        1.464,
        1.296,
        1.128,
        1.128,
        1.296,
        1.224,
        1.2,
        1.272,
        1.32,
        1.32,
        1.704,
        1.2,
        2.328,
        2.64,
        2.592,
        2.712,
        2.736,
        2.808,
        2.736,
        2.76,
        2.712,
        2.52,
        2.592,
        2.064,
        1.176,
        1.224,
        1.296,
        1.224,
        1.296,
        1.344,
        1.296,
        1.296,
        1.2,
        1.224,
        1.128,
        0.264
    ],
    "delays": [
        28.424500000000002
    ],
    "loss": 0,
    "queue": 10,
    "delay_noise": 0
}