{
    "timestamps": [
        0.0,
        0.5,
        1.0,
        1.5,
        2.0,
        2.5,
        3.0,
        3.5,
        4.0,
        4.5,
        5.0,
        5.5,
        6.0,
        6.5,
        7.0,
        7.5,
        8.0,
        8.5,
        9.0,
        9.5,
        10.0,
        10.5,
        11.0,
        11.5,
        12.0,
        12.5,
        13.0,
        13.5,
        14.0,
        14.5,
        15.0,
        15.5,
        16.0,
        16.5,
        17.0,
        17.5,
        18.0,
        18.5,
        19.0,
        19.5,
        20.0,
        20.5,
        21.0,
        21.5,
        22.0,
        22.5,
        23.0,
        23.5,
        24.0,
        24.5,
        25.0,
        25.5,
        26.0,
        26.5,
        27.0,
        27.5,
        28.0,
        28.5,
        29.0,
        29.5,
        30.0
    ],
    "bandwidths": [
        0.1,
        1.922944,
        2.376,
        3.216,
        3.264,
        3.36,
        3.216,
        3.192,
        2.88,
        2.592,
        2.808,
        2.616,
        3.024,
        3.144,
        3.12,
        2.952,
        3.216,
        3.024,
        2.832,
        2.904,
        2.472,
        2.808,
        2.832,
        3.144,
        3.672,
        3.36,
        3.072,
        3.264,
        2.808,
        2.688,
        2.736,
        2.736,
        2.712,
        2.976,
        3.264,
        3.504,
        3.816,
        3.888,
        3.576,
        3.528,
        3.408,
        3.216,
        3.408,
        3.624,
        3.552,
        3.816,
        2.952,
        2.568,
        1.344,
        1.512,
        1.512,
        1.752,
        1.872,
        2.784,
        2.904,
        3.12,
        3.48,
        2.496,
        2.616,
        2.256,
        1.824
    ],
    "delays": [
        25.9115
    ],
    "loss": 0,
    "queue": 10,
    "delay_noise": 0
}