{
    "timestamps": [
        0.0,
        0.5,
        1.0,
        1.5,
        2.0,
        2.5,
        3.0,
        3.5,
        4.0,
        4.5,
        5.0,
        5.5,
        6.0,
        6.5,
        7.0,
        7.5,
        8.0,
        8.5,
        9.0,
        9.5,
        10.0,
        10.5,
        11.0,
        11.5,
        12.0,
        12.5,
        13.0,
        13.5,
        14.0,
        14.5,
        15.0,
        15.5,
        16.0,
        16.5,
        17.0,
        17.5,
        18.0,
        18.5,
        19.0,
        19.5,
        20.0,
        20.5,
        21.0,
        21.5,
        22.0,
        22.5,
        23.0,
        23.5,
        24.0,
        24.5,
        25.0,
        25.5,
        26.0,
        26.5,
        27.0,
        27.5,
        28.0,
        28.5,
        29.0,
        29.5,
        30.0,
        30.5
    ],
    "bandwidths": [
        0.1,
        3.866944,
        6.48,
        6.984,
        4.128,
        4.872,
        3.744,
        2.616,
        3.144,
        4.056,
        4.536,
        4.656,
        4.2,
        3.96,
        2.808,
        3.624,
        3.576,
        2.592,
        2.712,
        3.6,
        3.792,
        3.456,
        3.792,
        3.744,
        2.88,
        3.48,
        3.816,
        2.256,
        2.448,
        3.384,
        3.576,
        4.416,
        4.008,
        3.12,
        2.64,
        2.856,
        3.648,
        3.648,
        3.408,
        3.744,
        3.84,
        2.616,
        3.528,
        4.008,
        3.408,
        3.888,
        4.128,
        3.936,
        3.096,
        2.784,
        2.88,
        3.432,
        3.552,
        4.128,
        3.312,
        3.12,
        3.696,
        3.72,
        3.384,
        2.184,
        3.096,
        0.168
    ],
    "delays": [
        30.1215
    ],
    "loss": 0,
    "queue": 10,
    "delay_noise": 0
}