{
    "timestamps": [
        0.0,
        0.5,
        1.0,
        1.5,
        2.0,
        2.5,
        3.0,
        3.5,
        4.0,
        4.5,
        5.0,
        5.5,
        6.0,
        6.5,
        7.0,
        7.5,
        8.0,
        8.5,
        9.0,
        9.5,
        10.0,
        10.5,
        11.0,
        11.5,
        12.0,
        12.5,
        13.0,
        13.5,
        14.0,
        14.5,
        15.0,
        15.5,
        16.0,
        16.5,
        17.0,
        17.5,
        18.0,
        18.5,
        19.0,
        19.5,
        20.0,
        20.5,
        21.0,
        21.5,
        22.0,
        22.5,
        23.0,
        23.5,
        24.0,
        24.5,
        25.0,
        25.5,
        26.0,
        26.5,
        27.0,
        27.5,
        28.0,
        28.5,
        29.0,
        29.5,
        30.0,
        30.5
    ],
    "bandwidths": [
        0.1,
        7.466944,
        7.368,
        4.488,
        5.184,
        7.56,
        8.784,
        7.824,
        5.448,
        4.944,
        6.384,
        9.12,
        9.864,
        4.8,
        6.72,
        7.512,
        8.928,
        9.072,
        9.12,
        15.024,
        10.584,
        5.472,
        7.176,
        6.552,
        13.008,
        11.928,
        10.872,
        8.016,
        6.648,
        8.736,
        7.056,
        10.008,
        8.064,
        6.264,
        6.504,
        8.928,
        8.88,
        11.04,
        12.456,
        9.024,
        11.328,
        9.84,
        8.856,
        12.48,
        9.336,
        6.744,
        8.688,
        14.712,
        10.368,
        7.632,
        11.448,
        6.912,
        13.176,
        13.848,
        15.36,
        11.52,
        15.432,
        14.808,
        10.224,
        5.856,
        8.376,
        0.168
    ],
    "delays": [
        14.6965
    ],
    "loss": 0,
    "queue": 10,
    "delay_noise": 0
}