{
    "timestamps": [
        0.0,
        0.5,
        1.0,
        1.5,
        2.0,
        2.5,
        3.0,
        3.5,
        4.0,
        4.5,
        5.0,
        5.5,
        6.0,
        6.5,
        7.0,
        7.5,
        8.0,
        8.5,
        9.0,
        9.5,
        10.0,
        10.5,
        11.0,
        11.5,
        12.0,
        12.5,
        13.0,
        13.5,
        14.0,
        14.5,
        15.0,
        15.5,
        16.0,
        16.5,
        17.0,
        17.5,
        18.0,
        18.5,
        19.0,
        19.5,
        20.0,
        20.5,
        21.0,
        21.5,
        22.0,
        22.5,
        23.0,
        23.5,
        24.0,
        24.5,
        25.0,
        25.5,
        26.0,
        26.5,
        27.0,
        27.5,
        28.0,
        28.5,
        29.0,
        29.5,
        30.0,
        30.5
    ],
    "bandwidths": [
        0.1,
        0.674944,
        16.512,
        21.528,
        24.192,
        22.128,
        14.28,
        14.016,
        12.384,
        14.52,
        16.392,
        12.24,
        4.584,
        10.224,
        4.416,
        3.912,
        7.344,
        7.8,
        10.776,
        13.824,
        12.648,
        7.32,
        10.824,
        5.04,
        5.328,
        7.8,
        7.464,
        7.104,
        5.52,
        5.352,
        5.856,
        4.896,
        7.224,
        8.664,
        6.408,
        5.952,
        5.88,
        7.92,
        6.384,
        5.352,
        7.008,
        6.984,
        9.0,
        10.92,
        8.16,
        7.296,
        7.512,
        9.888,
        10.08,
        11.664,
        11.928,
        5.4,
        10.752,
        12.552,
        11.76,
        8.88,
        9.144,
        12.36,
        11.952,
        16.176,
        18.864,
        0.1
    ],
    "delays": [
        14.5745
    ],
    "loss": 0,
    "queue": 10,
    "delay_noise": 0
}