{
    "timestamps": [
        0.0,
        0.5,
        1.0,
        1.5,
        2.0,
        2.5,
        3.0,
        3.5,
        4.0,
        4.5,
        5.0,
        5.5,
        6.0,
        6.5,
        7.0,
        7.5,
        8.0,
        8.5,
        9.0,
        9.5,
        10.0,
        10.5,
        11.0,
        11.5,
        12.0,
        12.5,
        13.0,
        13.5,
        14.0,
        14.5,
        15.0,
        15.5,
        16.0,
        16.5,
        17.0,
        17.5,
        18.0,
        18.5,
        19.0,
        19.5,
        20.0,
        20.5,
        21.0,
        21.5,
        22.0,
        22.5,
        23.0,
        23.5,
        24.0,
        24.5,
        25.0,
        25.5,
        26.0,
        26.5,
        27.0,
        27.5,
        28.0,
        28.5,
        29.0,
        29.5,
        30.0
    ],
    "bandwidths": [
        0.1,
        1.682944,
        7.32,
        8.616,
        7.68,
        3.384,
        5.424,
        3.36,
        4.104,
        3.144,
        2.208,
        4.176,
        5.688,
        6.816,
        6.048,
        5.232,
        6.408,
        6.96,
        5.568,
        8.688,
        8.712,
        11.592,
        8.616,
        9.576,
        8.496,
        6.12,
        12.0,
        10.152,
        12.792,
        12.552,
        9.144,
        8.568,
        13.32,
        11.016,
        15.024,
        13.272,
        12.768,
        7.008,
        12.744,
        10.176,
        6.624,
        7.368,
        3.888,
        6.48,
        8.544,
        9.36,
        10.776,
        9.096,
        13.488,
        10.752,
        11.76,
        11.568,
        17.376,
        21.096,
        16.368,
        26.232,
        25.728,
        21.768,
        17.664,
        9.84,
        5.28
    ],
    "delays": [
        17.4535
    ],
    "loss": 0,
    "queue": 10,
    "delay_noise": 0
}