{
    "timestamps": [
        0.0,
        0.5,
        1.0,
        1.5,
        2.0,
        2.5,
        3.0,
        3.5,
        4.0,
        4.5,
        5.0,
        5.5,
        6.0,
        6.5,
        7.0,
        7.5,
        8.0,
        8.5,
        9.0,
        9.5,
        10.0,
        10.5,
        11.0,
        11.5,
        12.0,
        12.5,
        13.0,
        13.5,
        14.0,
        14.5,
        15.0,
        15.5,
        16.0,
        16.5,
        17.0,
        17.5,
        18.0,
        18.5,
        19.0,
        19.5,
        20.0,
        20.5,
        21.0,
        21.5,
        22.0,
        22.5,
        23.0,
        23.5,
        24.0,
        24.5,
        25.0,
        25.5,
        26.0,
        26.5,
        27.0,
        27.5,
        28.0,
        28.5,
        29.0,
        29.5,
        30.0,
        30.5
    ],
    "bandwidths": [
        0.1,
        0.674944,
        12.144,
        5.832,
        6.024,
        6.432,
        8.4,
        7.56,
        11.664,
        14.232,
        15.048,
        7.896,
        10.776,
        11.832,
        9.648,
        8.136,
        12.384,
        9.168,
        5.88,
        7.416,
        7.368,
        5.688,
        5.976,
        5.856,
        4.128,
        4.896,
        10.92,
        8.088,
        11.496,
        4.608,
        6.12,
        8.688,
        8.688,
        6.528,
        6.12,
        6.408,
        10.128,
        14.616,
        11.016,
        2.016,
        4.176,
        8.256,
        7.536,
        8.04,
        4.968,
        7.872,
        6.528,
        4.128,
        2.568,
        1.872,
        3.072,
        3.12,
        2.52,
        5.52,
        8.304,
        6.216,
        5.304,
        10.152,
        9.984,
        7.872,
        6.312,
        0.1
    ],
    "delays": [
        14.738
    ],
    "loss": 0,
    "queue": 10,
    "delay_noise": 0
}