{
    "timestamps": [
        0.0,
        0.5,
        1.0,
        1.5,
        2.0,
        2.5,
        3.0,
        3.5,
        4.0,
        4.5,
        5.0,
        5.5,
        6.0,
        6.5,
        7.0,
        7.5,
        8.0,
        8.5,
        9.0,
        9.5,
        10.0,
        10.5,
        11.0,
        11.5,
        12.0,
        12.5,
        13.0,
        13.5,
        14.0,
        14.5,
        15.0,
        15.5,
        16.0,
        16.5,
        17.0,
        17.5,
        18.0,
        18.5,
        19.0,
        19.5,
        20.0,
        20.5,
        21.0,
        21.5,
        22.0,
        22.5,
        23.0,
        23.5,
        24.0,
        24.5,
        25.0,
        25.5,
        26.0,
        26.5,
        27.0,
        27.5,
        28.0,
        28.5,
        29.0,
        29.5,
        30.0,
        30.5
    ],
    "bandwidths": [
        0.1,
        4.154944,
        6.432,
        3.912,
        7.68,
        5.256,
        3.672,
        6.072,
        6.024,
        5.592,
        8.784,
        7.632,
        9.672,
        12.168,
        15.576,
        12.672,
        14.952,
        15.432,
        10.872,
        7.368,
        7.92,
        7.728,
        4.368,
        3.96,
        3.984,
        7.416,
        8.328,
        10.44,
        13.008,
        12.936,
        15.648,
        15.336,
        13.896,
        9.696,
        4.992,
        7.32,
        6.264,
        6.552,
        3.984,
        6.432,
        4.776,
        5.928,
        5.304,
        5.52,
        3.84,
        4.656,
        4.272,
        6.336,
        8.496,
        5.256,
        7.656,
        8.136,
        9.888,
        7.272,
        7.464,
        5.664,
        7.536,
        6.768,
        12.192,
        15.36,
        4.44,
        0.24
    ],
    "delays": [
        17.5165
    ],
    "loss": 0,
    "queue": 10,
    "delay_noise": 0
}