{
    "timestamps": [
        0.0,
        0.5,
        1.0,
        1.5,
        2.0,
        2.5,
        3.0,
        3.5,
        4.0,
        4.5,
        5.0,
        5.5,
        6.0,
        6.5,
        7.0,
        7.5,
        8.0,
        8.5,
        9.0,
        9.5,
        10.0,
        10.5,
        11.0,
        11.5,
        12.0,
        12.5,
        13.0,
        13.5,
        14.0,
        14.5,
        15.0,
        15.5,
        16.0,
        16.5,
        17.0,
        17.5,
        18.0,
        18.5,
        19.0,
        19.5,
        20.0,
        20.5,
        21.0,
        21.5,
        22.0,
        22.5,
        23.0,
        23.5,
        24.0,
        24.5,
        25.0,
        25.5,
        26.0,
        26.5,
        27.0,
        27.5,
        28.0,
        28.5,
        29.0,
        29.5,
        30.0,
        30.5
    ],
    "bandwidths": [
        0.1,
        2.906944,
        5.184,
        4.272,
        4.728,
        3.072,
        3.504,
        7.344,
        9.336,
        11.424,
        11.136,
        12.936,
        10.08,
        7.344,
        11.904,
        9.672,
        7.992,
        9.84,
        12.528,
        17.616,
        14.04,
        19.848,
        13.272,
        15.576,
        15.096,
        15.048,
        9.72,
        11.352,
        12.864,
        11.04,
        8.904,
        18.192,
        14.784,
        9.864,
        8.496,
        9.84,
        9.384,
        7.056,
        8.208,
        12.432,
        14.88,
        15.384,
        18.912,
        17.712,
        15.072,
        18.36,
        13.512,
        12.48,
        11.256,
        14.352,
        10.08,
        8.424,
        16.248,
        12.408,
        10.704,
        17.064,
        17.856,
        13.704,
        24.336,
        14.304,
        13.128,
        0.336
    ],
    "delays": [
        17.614
    ],
    "loss": 0,
    "queue": 10,
    "delay_noise": 0
}