{
    "timestamps": [
        0.0,
        0.5,
        1.0,
        1.5,
        2.0,
        2.5,
        3.0,
        3.5,
        4.0,
        4.5,
        5.0,
        5.5,
        6.0,
        6.5,
        7.0,
        7.5,
        8.0,
        8.5,
        9.0,
        9.5,
        10.0,
        10.5,
        11.0,
        11.5,
        12.0,
        12.5,
        13.0,
        13.5,
        14.0,
        14.5,
        15.0,
        15.5,
        16.0,
        16.5,
        17.0,
        17.5,
        18.0,
        18.5,
        19.0,
        19.5,
        20.0,
        20.5,
        21.0,
        21.5,
        22.0,
        22.5,
        23.0,
        23.5,
        24.0,
        24.5,
        25.0,
        25.5,
        26.0,
        26.5,
        27.0,
        27.5,
        28.0,
        28.5,
        29.0,
        29.5,
        30.0
    ],
    "bandwidths": [
        0.1,
        9.842944,
        15.528,
        18.84,
        9.936,
        13.2,
        21.288,
        12.072,
        8.88,
        8.4,
        5.976,
        5.928,
        6.456,
        7.056,
        6.528,
        7.2,
        7.392,
        6.768,
        6.12,
        5.712,
        4.776,
        3.864,
        2.304,
        1.848,
        1.608,
        1.392,
        1.704,
        1.992,
        2.328,
        1.992,
        1.992,
        1.68,
        1.8,
        1.752,
        1.992,
        1.632,
        1.296,
        0.936,
        0.96,
        1.224,
        1.752,
        2.064,
        1.992,
        1.968,
        1.488,
        1.368,
        1.272,
        1.392,
        1.848,
        1.8,
        1.272,
        1.008,
        0.864,
        1.08,
        1.344,
        1.536,
        1.92,
        1.968,
        1.968,
        2.016,
        2.16
    ],
    "delays": [
        17.561
    ],
    "loss": 0,
    "queue": 10,
    "delay_noise": 0
}