{
    "timestamps": [
        0.0,
        0.5,
        1.0,
        1.5,
        2.0,
        2.5,
        3.0,
        3.5,
        4.0,
        4.5,
        5.0,
        5.5,
        6.0,
        6.5,
        7.0,
        7.5,
        8.0,
        8.5,
        9.0,
        9.5,
        10.0,
        10.5,
        11.0,
        11.5,
        12.0,
        12.5,
        13.0,
        13.5,
        14.0,
        14.5,
        15.0,
        15.5,
        16.0,
        16.5,
        17.0,
        17.5,
        18.0,
        18.5,
        19.0,
        19.5,
        20.0,
        20.5,
        21.0,
        21.5,
        22.0,
        22.5,
        23.0,
        23.5,
        24.0,
        24.5,
        25.0,
        25.5,
        26.0,
        26.5,
        27.0,
        27.5,
        28.0,
        28.5,
        29.0,
        29.5,
        30.0,
        30.5
    ],
    "bandwidths": [
        0.1,
        4.754944,
        12.024,
        11.784,
        7.344,
        9.336,
        11.472,
        14.112,
        14.976,
        14.952,
        13.176,
        12.024,
        12.336,
        11.88,
        13.368,
        15.0,
        13.68,
        10.944,
        15.408,
        13.896,
        12.96,
        12.24,
        7.968,
        10.872,
        11.832,
        8.568,
        10.752,
        11.496,
        15.6,
        12.504,
        9.912,
        10.128,
        10.08,
        8.952,
        9.648,
        10.92,
        10.68,
        12.672,
        11.808,
        11.808,
        13.92,
        11.928,
        7.632,
        7.464,
        6.648,
        8.472,
        8.88,
        7.344,
        10.536,
        8.496,
        5.472,
        5.472,
        8.256,
        12.96,
        10.8,
        10.848,
        10.272,
        14.688,
        9.816,
        10.176,
        13.272,
        0.288
    ],
    "delays": [
        29.944499999999998
    ],
    "loss": 0,
    "queue": 10,
    "delay_noise": 0
}