{
    "timestamps": [
        0.0,
        0.5,
        1.0,
        1.5,
        2.0,
        2.5,
        3.0,
        3.5,
        4.0,
        4.5,
        5.0,
        5.5,
        6.0,
        6.5,
        7.0,
        7.5,
        8.0,
        8.5,
        9.0,
        9.5,
        10.0,
        10.5,
        11.0,
        11.5,
        12.0,
        12.5,
        13.0,
        13.5,
        14.0,
        14.5,
        15.0,
        15.5,
        16.0,
        16.5,
        17.0,
        17.5,
        18.0,
        18.5,
        19.0,
        19.5,
        20.0,
        20.5,
        21.0,
        21.5,
        22.0,
        22.5,
        23.0,
        23.5,
        24.0,
        24.5,
        25.0,
        25.5,
        26.0,
        26.5,
        27.0,
        27.5,
        28.0,
        28.5,
        29.0,
        29.5,
        30.0,
        30.5
    ],
    "bandwidths": [
        0.1,
        4.346944,
        8.328,
        10.992,
        10.08,
        10.752,
        10.464,
        13.008,
        14.136,
        11.112,
        14.424,
        11.856,
        11.4,
        12.36,
        12.408,
        11.04,
        8.352,
        11.568,
        9.528,
        9.216,
        8.472,
        5.16,
        6.84,
        11.616,
        10.104,
        10.416,
        10.752,
        12.0,
        11.76,
        12.864,
        13.128,
        9.816,
        14.496,
        6.984,
        7.68,
        9.744,
        11.376,
        10.56,
        11.424,
        5.808,
        6.84,
        9.336,
        3.816,
        3.384,
        7.704,
        7.68,
        11.088,
        11.256,
        13.296,
        14.136,
        14.328,
        13.56,
        11.064,
        11.688,
        7.32,
        7.608,
        8.544,
        7.896,
        10.776,
        10.944,
        5.088,
        0.408
    ],
    "delays": [
        29.2755
    ],
    "loss": 0,
    "queue": 10,
    "delay_noise": 0
}