{
    "timestamps": [
        0.0,
        0.5,
        1.0,
        1.5,
        2.0,
        2.5,
        3.0,
        3.5,
        4.0,
        4.5,
        5.0,
        5.5,
        6.0,
        6.5,
        7.0,
        7.5,
        8.0,
        8.5,
        9.0,
        9.5,
        10.0,
        10.5,
        11.0,
        11.5,
        12.0,
        12.5,
        13.0,
        13.5,
        14.0,
        14.5,
        15.0,
        15.5,
        16.0,
        16.5,
        17.0,
        17.5,
        18.0,
        18.5,
        19.0,
        19.5,
        20.0,
        20.5,
        21.0,
        21.5,
        22.0,
        22.5,
        23.0,
        23.5,
        24.0,
        24.5,
        25.0,
        25.5,
        26.0,
        26.5,
        27.0,
        27.5,
        28.0,
        28.5,
        29.0,
        29.5,
        30.0
    ],
    "bandwidths": [
        0.1,
        2.566032,
        5.976,
        4.008,
        4.32,
        4.44,
        3.696,
        4.296,
        3.336,
        3.336,
        3.288,
        3.144,
        3.168,
        3.384,
        3.096,
        3.312,
        3.264,
        3.12,
        3.024,
        3.168,
        3.216,
        3.144,
        3.12,
        3.288,
        2.76,
        3.216,
        3.024,
        3.24,
        3.168,
        3.072,
        3.288,
        3.264,
        3.0,
        3.216,
        3.144,
        3.072,
        3.12,
        3.24,
        3.216,
        3.144,
        3.192,
        3.072,
        3.264,
        3.192,
        3.168,
        3.264,
        3.24,
        3.24,
        3.336,
        2.208,
        1.728,
        1.704,
        1.728,
        2.064,
        1.584,
        1.632,
        1.704,
        1.728,
        1.44,
        1.584,
        1.008
    ],
    "delays": [
        28.403
    ],
    "loss": 0,
    "queue": 10,
    "delay_noise": 0
}