{
    "timestamps": [
        0.0,
        0.5,
        1.0,
        1.5,
        2.0,
        2.5,
        3.0,
        3.5,
        4.0,
        4.5,
        5.0,
        5.5,
        6.0,
        6.5,
        7.0,
        7.5,
        8.0,
        8.5,
        9.0,
        9.5,
        10.0,
        10.5,
        11.0,
        11.5,
        12.0,
        12.5,
        13.0,
        13.5,
        14.0,
        14.5,
        15.0,
        15.5,
        16.0,
        16.5,
        17.0,
        17.5,
        18.0,
        18.5,
        19.0,
        19.5,
        20.0,
        20.5,
        21.0,
        21.5,
        22.0,
        22.5,
        23.0,
        23.5,
        24.0,
        24.5,
        25.0,
        25.5,
        26.0,
        26.5,
        27.0,
        27.5,
        28.0,
        28.5,
        29.0,
        29.5,
        30.0,
        30.5
    ],
    "bandwidths": [
        0.1,
        2.210944,
        2.64,
        3.408,
        2.28,
        1.848,
        2.16,
        1.848,
        1.752,
        2.016,
        1.896,
        1.632,
        1.776,
        1.608,
        1.008,
        1.2,
        1.56,
        1.344,
        1.416,
        2.112,
        2.832,
        2.76,
        2.784,
        2.856,
        3.312,
        3.864,
        4.128,
        4.176,
        4.056,
        4.32,
        4.224,
        4.152,
        4.968,
        4.08,
        2.689408,
        2.688,
        2.832,
        0.624,
        0.696,
        0.624,
        0.72,
        0.744,
        1.104,
        1.296,
        2.256,
        2.136,
        2.688,
        3.648,
        4.032,
        4.56,
        4.344,
        4.584,
        4.272,
        4.416,
        4.872,
        4.728,
        4.608,
        4.608,
        4.752,
        4.848,
        4.728,
        0.192
    ],
    "delays": [
        31.0705
    ],
    "loss": 0,
    "queue": 10,
    "delay_noise": 0
}