{
    "timestamps": [
        0.0,
        0.5,
        1.0,
        1.5,
        2.0,
        2.5,
        3.0,
        3.5,
        4.0,
        4.5,
        5.0,
        5.5,
        6.0,
        6.5,
        7.0,
        7.5,
        8.0,
        8.5,
        9.0,
        9.5,
        10.0,
        10.5,
        11.0,
        11.5,
        12.0,
        12.5,
        13.0,
        13.5,
        14.0,
        14.5,
        15.0,
        15.5,
        16.0,
        16.5,
        17.0,
        17.5,
        18.0,
        18.5,
        19.0,
        19.5,
        20.0,
        20.5,
        21.0,
        21.5,
        22.0,
        22.5,
        23.0,
        23.5,
        24.0,
        24.5,
        25.0,
        25.5,
        26.0,
        26.5,
        27.0,
        27.5,
        28.0,
        28.5,
        29.0,
        29.5,
        30.0,
        30.5
    ],
    "bandwidths": [
        0.1,
        1.898944,
        16.152,
        10.224,
        13.608,
        10.536,
        10.296,
        9.624,
        16.608,
        19.248,
        19.824,
        13.608,
        9.816,
        8.016,
        6.792,
        6.768,
        8.256,
        4.32,
        4.752,
        9.36,
        5.64,
        5.424,
        7.944,
        7.512,
        6.072,
        5.88,
        8.136,
        7.848,
        9.936,
        4.392,
        3.456,
        10.632,
        12.048,
        10.272,
        10.992,
        11.664,
        17.04,
        18.864,
        21.168,
        24.072,
        15.984,
        13.632,
        22.632,
        10.08,
        8.904,
        10.848,
        15.84,
        12.144,
        10.968,
        5.976,
        9.408,
        9.48,
        9.168,
        10.632,
        11.736,
        11.52,
        5.352,
        14.736,
        12.72,
        15.12,
        13.32,
        0.144
    ],
    "delays": [
        17.4075
    ],
    "loss": 0,
    "queue": 10,
    "delay_noise": 0,
    "T_s": 0
}