{
    "timestamps": [
        0.0,
        0.5,
        1.0,
        1.5,
        2.0,
        2.5,
        3.0,
        3.5,
        4.0,
        4.5,
        5.0,
        5.5,
        6.0,
        6.5,
        7.0,
        7.5,
        8.0,
        8.5,
        9.0,
        9.5,
        10.0,
        10.5,
        11.0,
        11.5,
        12.0,
        12.5,
        13.0,
        13.5,
        14.0,
        14.5,
        15.0,
        15.5,
        16.0,
        16.5,
        17.0,
        17.5,
        18.0,
        18.5,
        19.0,
        19.5,
        20.0,
        20.5,
        21.0,
        21.5,
        22.0,
        22.5,
        23.0,
        23.5,
        24.0,
        24.5,
        25.0,
        25.5,
        26.0,
        26.5,
        27.0,
        27.5,
        28.0,
        28.5,
        29.0,
        29.5,
        30.0,
        30.5
    ],
    "bandwidths": [
        0.1,
        7.130944,
        25.632,
        16.008,
        18.72,
        14.616,
        13.32,
        15.072,
        12.336,
        5.784,
        17.88,
        16.296,
        14.976,
        20.832,
        10.464,
        5.016,
        8.76,
        16.128,
        11.688,
        10.704,
        11.496,
        10.896,
        12.6,
        6.768,
        10.848,
        4.872,
        7.968,
        8.64,
        10.512,
        6.288,
        15.672,
        17.136,
        20.208,
        17.88,
        19.464,
        18.0,
        18.096,
        19.536,
        8.496,
        10.344,
        15.12,
        18.288,
        15.48,
        14.208,
        11.616,
        10.728,
        9.12,
        12.912,
        11.544,
        4.968,
        5.448,
        12.096,
        9.624,
        13.152,
        10.512,
        14.952,
        10.56,
        14.304,
        9.096,
        14.352,
        15.696,
        0.408
    ],
    "delays": [
        14.6745
    ],
    "loss": 0,
    "queue": 10,
    "delay_noise": 0,
    "T_s": 0
}