{
    "timestamps": [
        0.0,
        0.5,
        1.0,
        1.5,
        2.0,
        2.5,
        3.0,
        3.5,
        4.0,
        4.5,
        5.0,
        5.5,
        6.0,
        6.5,
        7.0,
        7.5,
        8.0,
        8.5,
        9.0,
        9.5,
        10.0,
        10.5,
        11.0,
        11.5,
        12.0,
        12.5,
        13.0,
        13.5,
        14.0,
        14.5,
        15.0,
        15.5,
        16.0,
        16.5,
        17.0,
        17.5,
        18.0,
        18.5,
        19.0,
        19.5,
        20.0,
        20.5,
        21.0,
        21.5,
        22.0,
        22.5,
        23.0,
        23.5,
        24.0,
        24.5,
        25.0,
        25.5,
        26.0,
        26.5,
        27.0,
        27.5,
        28.0,
        28.5,
        29.0,
        29.5,
        30.0,
        30.5
    ],
    "bandwidths": [
        0.1,
        0.626944,
        8.328,
        5.712,
        7.752,
        9.72,
        5.592,
        7.152,
        5.208,
        6.288,
        8.184,
        6.336,
        7.968,
        4.2,
        3.432,
        4.416,
        3.288,
        5.4,
        2.88,
        6.456,
        6.84,
        5.832,
        6.168,
        4.08,
        5.88,
        6.888,
        5.592,
        5.16,
        6.264,
        4.368,
        2.76,
        5.184,
        5.808,
        5.832,
        6.768,
        10.272,
        9.984,
        11.736,
        13.488,
        12.576,
        14.784,
        13.2,
        10.584,
        18.336,
        17.304,
        13.32,
        9.984,
        13.128,
        12.672,
        14.52,
        15.312,
        15.528,
        15.912,
        16.008,
        10.512,
        19.44,
        16.056,
        15.504,
        17.904,
        21.576,
        24.672,
        0.624
    ],
    "delays": [
        14.8615
    ],
    "loss": 0,
    "queue": 10,
    "delay_noise": 0,
    "T_s": 0
}