{
    "timestamps": [
        0.0,
        0.5,
        1.0,
        1.5,
        2.0,
        2.5,
        3.0,
        3.5,
        4.0,
        4.5,
        5.0,
        5.5,
        6.0,
        6.5,
        7.0,
        7.5,
        8.0,
        8.5,
        9.0,
        9.5,
        10.0,
        10.5,
        11.0,
        11.5,
        12.0,
        12.5,
        13.0,
        13.5,
        14.0,
        14.5,
        15.0,
        15.5,
        16.0,
        16.5,
        17.0,
        17.5,
        18.0,
        18.5,
        19.0,
        19.5,
        20.0,
        20.5,
        21.0,
        21.5,
        22.0,
        22.5,
        23.0,
        23.5,
        24.0,
        24.5,
        25.0,
        25.5,
        26.0,
        26.5,
        27.0,
        27.5,
        28.0,
        28.5,
        29.0,
        29.5,
        30.0,
        30.5
    ],
    "bandwidths": [
        0.1,
        4.250944,
        11.568,
        11.112,
        7.896,
        8.16,
        9.696,
        9.336,
        10.488,
        9.816,
        12.432,
        13.56,
        12.168,
        8.928,
        9.36,
        11.856,
        14.616,
        16.392,
        18.312,
        15.696,
        10.608,
        11.544,
        5.328,
        8.232,
        10.752,
        12.984,
        12.168,
        10.512,
        16.656,
        19.584,
        17.328,
        10.008,
        9.864,
        8.424,
        13.776,
        20.4,
        22.968,
        24.24,
        21.12,
        19.344,
        21.648,
        24.576,
        15.432,
        15.912,
        17.52,
        16.896,
        20.688,
        25.8,
        17.856,
        27.144,
        31.488,
        25.224,
        19.704,
        25.32,
        9.696,
        15.744,
        16.128,
        13.008,
        16.632,
        19.608,
        16.536,
        0.576
    ],
    "delays": [
        14.846
    ],
    "loss": 0,
    "queue": 10,
    "delay_noise": 0,
    "T_s": 0
}