{
    "timestamps": [
        0.0,
        0.5,
        1.0,
        1.5,
        2.0,
        2.5,
        3.0,
        3.5,
        4.0,
        4.5,
        5.0,
        5.5,
        6.0,
        6.5,
        7.0,
        7.5,
        8.0,
        8.5,
        9.0,
        9.5,
        10.0,
        10.5,
        11.0,
        11.5,
        12.0,
        12.5,
        13.0,
        13.5,
        14.0,
        14.5,
        15.0,
        15.5,
        16.0,
        16.5,
        17.0,
        17.5,
        18.0,
        18.5,
        19.0,
        19.5,
        20.0,
        20.5,
        21.0,
        21.5,
        22.0,
        22.5,
        23.0,
        23.5,
        24.0,
        24.5,
        25.0,
        25.5,
        26.0,
        26.5,
        27.0,
        27.5,
        28.0,
        28.5,
        29.0,
        29.5,
        30.0,
        30.5
    ],
    "bandwidths": [
        0.1,
        0.338944,
        9.984,
        14.112,
        21.024,
        22.752,
        21.12,
        21.216,
        24.336,
        21.552,
        14.88,
        28.632,
        19.704,
        24.192,
        23.928,
        15.552,
        12.0,
        14.4,
        15.696,
        10.128,
        13.776,
        15.384,
        7.128,
        11.64,
        19.776,
        18.84,
        20.28,
        23.424,
        23.808,
        14.856,
        18.048,
        19.92,
        24.072,
        27.528,
        29.448,
        29.4,
        27.24,
        21.48,
        18.744,
        9.576,
        11.496,
        10.872,
        3.216,
        8.952,
        3.168,
        4.632,
        5.928,
        7.008,
        6.816,
        11.904,
        14.112,
        15.192,
        15.864,
        15.264,
        15.456,
        17.184,
        14.712,
        12.288,
        14.256,
        13.176,
        9.072,
        0.288
    ],
    "delays": [
        14.7495
    ],
    "loss": 0,
    "queue": 10,
    "delay_noise": 0,
    "T_s": 0
}