{
    "timestamps": [
        0.0,
        0.5,
        1.0,
        1.5,
        2.0,
        2.5,
        3.0,
        3.5,
        4.0,
        4.5,
        5.0,
        5.5,
        6.0,
        6.5,
        7.0,
        7.5,
        8.0,
        8.5,
        9.0,
        9.5,
        10.0,
        10.5,
        11.0,
        11.5,
        12.0,
        12.5,
        13.0,
        13.5,
        14.0,
        14.5,
        15.0,
        15.5,
        16.0,
        16.5,
        17.0,
        17.5,
        18.0,
        18.5,
        19.0,
        19.5,
        20.0,
        20.5,
        21.0,
        21.5,
        22.0,
        22.5,
        23.0,
        23.5,
        24.0,
        24.5,
        25.0,
        25.5,
        26.0,
        26.5,
        27.0,
        27.5,
        28.0,
        28.5,
        29.0,
        29.5,
        30.0
    ],
    "bandwidths": [
        0.1,
        4.510032,
        5.544,
        4.056,
        4.416,
        4.248,
        4.44,
        3.96,
        2.256,
        2.424,
        2.472,
        2.304,
        2.496,
        2.232,
        2.256,
        2.376,
        1.632,
        2.184,
        2.16,
        2.28,
        1.752,
        2.088,
        2.28,
        1.968,
        1.776,
        2.472,
        2.376,
        2.448,
        2.16,
        2.472,
        1.32,
        0.336,
        0.312,
        0.288,
        0.336,
        0.36,
        0.384,
        0.408,
        0.408,
        0.408,
        0.408,
        0.312,
        0.288,
        0.336,
        0.288,
        0.432,
        0.384,
        0.336,
        0.36,
        0.384,
        0.288,
        0.384,
        0.408,
        0.264,
        0.384,
        0.384,
        0.408,
        0.36,
        0.408,
        0.384,
        0.192
    ],
    "delays": [
        14.7545
    ],
    "loss": 0,
    "queue": 10,
    "delay_noise": 0,
    "T_s": 0
}