{
    "timestamps": [
        0.0,
        0.5,
        1.0,
        1.5,
        2.0,
        2.5,
        3.0,
        3.5,
        4.0,
        4.5,
        5.0,
        5.5,
        6.0,
        6.5,
        7.0,
        7.5,
        8.0,
        8.5,
        9.0,
        9.5,
        10.0,
        10.5,
        11.0,
        11.5,
        12.0,
        12.5,
        13.0,
        13.5,
        14.0,
        14.5,
        15.0,
        15.5,
        16.0,
        16.5,
        17.0,
        17.5,
        18.0,
        18.5,
        19.0,
        19.5,
        20.0,
        20.5,
        21.0,
        21.5,
        22.0,
        22.5,
        23.0,
        23.5,
        24.0,
        24.5,
        25.0,
        25.5,
        26.0,
        26.5,
        27.0,
        27.5,
        28.0,
        28.5,
        29.0,
        29.5,
        30.0,
        30.5
    ],
    "bandwidths": [
        0.1,
        0.986944,
        23.64,
        27.96,
        24.336,
        13.296,
        11.544,
        4.272,
        9.408,
        20.352,
        11.4,
        8.664,
        11.712,
        14.136,
        17.544,
        15.552,
        12.912,
        12.984,
        6.456,
        7.992,
        12.264,
        12.216,
        9.816,
        7.632,
        5.424,
        5.256,
        4.512,
        3.384,
        3.072,
        2.568,
        2.376,
        2.208,
        1.92,
        2.256,
        2.448,
        2.976,
        3.696,
        3.504,
        3.936,
        3.6,
        2.592,
        2.496,
        2.304,
        1.536,
        1.296,
        1.032,
        1.536,
        1.416,
        1.248,
        1.2,
        1.416,
        1.176,
        1.344,
        1.272,
        1.224,
        1.008,
        1.176,
        1.32,
        1.344,
        1.632,
        1.608,
        0.1
    ],
    "delays": [
        14.6415
    ],
    "loss": 0,
    "queue": 10,
    "delay_noise": 0,
    "T_s": 0
}