{
    "timestamps": [
        0.0,
        0.5,
        1.0,
        1.5,
        2.0,
        2.5,
        3.0,
        3.5,
        4.0,
        4.5,
        5.0,
        5.5,
        6.0,
        6.5,
        7.0,
        7.5,
        8.0,
        8.5,
        9.0,
        9.5,
        10.0,
        10.5,
        11.0,
        11.5,
        12.0,
        12.5,
        13.0,
        13.5,
        14.0,
        14.5,
        15.0,
        15.5,
        16.0,
        16.5,
        17.0,
        17.5,
        18.0,
        18.5,
        19.0,
        19.5,
        20.0,
        20.5,
        21.0,
        21.5,
        22.0,
        22.5,
        23.0,
        23.5,
        24.0,
        24.5,
        25.0,
        25.5,
        26.0,
        26.5,
        27.0,
        27.5,
        28.0,
        28.5,
        29.0,
        29.5,
        30.0,
        30.5
    ],
    "bandwidths": [
        0.1,
        14.018944,
        14.184,
        8.304,
        5.88,
        7.416,
        10.416,
        9.912,
        8.52,
        6.072,
        4.824,
        4.896,
        4.032,
        3.264,
        2.904,
        2.784,
        2.592,
        3.312,
        3.624,
        2.448,
        2.52,
        2.808,
        2.208,
        1.776,
        1.584,
        1.296,
        1.128,
        1.296,
        1.56,
        1.752,
        1.8,
        2.208,
        2.424,
        2.544,
        3.456,
        3.72,
        3.672,
        4.104,
        3.912,
        3.816,
        3.024,
        2.544,
        2.448,
        2.568,
        2.616,
        2.64,
        2.376,
        2.616,
        2.304,
        2.256,
        1.56,
        1.608,
        1.344,
        1.272,
        1.176,
        1.032,
        1.152,
        1.08,
        1.584,
        1.608,
        1.536,
        0.1
    ],
    "delays": [
        14.558
    ],
    "loss": 0,
    "queue": 10,
    "delay_noise": 0,
    "T_s": 0
}