{
    "timestamps": [
        0.0,
        0.5,
        1.0,
        1.5,
        2.0,
        2.5,
        3.0,
        3.5,
        4.0,
        4.5,
        5.0,
        5.5,
        6.0,
        6.5,
        7.0,
        7.5,
        8.0,
        8.5,
        9.0,
        9.5,
        10.0,
        10.5,
        11.0,
        11.5,
        12.0,
        12.5,
        13.0,
        13.5,
        14.0,
        14.5,
        15.0,
        15.5,
        16.0,
        16.5,
        17.0,
        17.5,
        18.0,
        18.5,
        19.0,
        19.5,
        20.0,
        20.5,
        21.0,
        21.5,
        22.0,
        22.5,
        23.0,
        23.5,
        24.0,
        24.5,
        25.0,
        25.5,
        26.0,
        26.5,
        27.0,
        27.5,
        28.0,
        28.5,
        29.0,
        29.5,
        30.0,
        30.5
    ],
    "bandwidths": [
        0.1,
        426.532352,
        690.048,
        673.44,
        550.848,
        657.216,
        671.136,
        668.976,
        626.256,
        603.936,
        627.504,
        634.68,
        609.144,
        685.872,
        674.976,
        763.512,
        664.488,
        657.048,
        618.96,
        564.168,
        544.896,
        284.928,
        570.624,
        650.712,
        659.016,
        692.784,
        623.352,
        637.176,
        637.248,
        688.248,
        601.176,
        583.944,
        664.416,
        684.672,
        664.2,
        686.616,
        698.712,
        712.008,
        646.848,
        616.608,
        543.84,
        512.064,
        319.464,
        574.44,
        686.736,
        577.008,
        572.904,
        593.04,
        593.112,
        612.432,
        548.904,
        544.512,
        541.92,
        539.784,
        559.848,
        625.944,
        666.024,
        649.608,
        665.808,
        584.136,
        579.36,
        15.552
    ],
    "delays": [
        9.782
    ],
    "loss": 0,
    "queue": 10,
    "delay_noise": 0
}