{
    "timestamps": [
        0.0,
        0.5,
        1.0,
        1.5,
        2.0,
        2.5,
        3.0,
        3.5,
        4.0,
        4.5,
        5.0,
        5.5,
        6.0,
        6.5,
        7.0,
        7.5,
        8.0,
        8.5,
        9.0,
        9.5,
        10.0,
        10.5,
        11.0,
        11.5,
        12.0,
        12.5,
        13.0,
        13.5,
        14.0,
        14.5,
        15.0,
        15.5,
        16.0,
        16.5,
        17.0,
        17.5,
        18.0,
        18.5,
        19.0,
        19.5,
        20.0,
        20.5,
        21.0,
        21.5,
        22.0,
        22.5,
        23.0,
        23.5,
        24.0,
        24.5,
        25.0,
        25.5,
        26.0,
        26.5,
        27.0,
        27.5,
        28.0,
        28.5,
        29.0,
        29.5,
        30.0,
        30.5
    ],
    "bandwidths": [
        0.1,
        35.162944,
        121.464,
        242.712,
        169.464,
        178.176,
        184.368,
        192.24,
        198.48,
        207.768,
        213.048,
        223.08,
        227.808,
        170.544,
        148.344,
        136.776,
        143.496,
        140.4,
        111.984,
        84.528,
        77.928,
        58.296,
        57.072,
        64.368,
        72.312,
        79.968,
        87.648,
        95.232,
        102.624,
        111.384,
        118.56,
        119.88,
        97.608,
        105.984,
        112.296,
        118.632,
        126.72,
        134.352,
        142.128,
        149.784,
        158.568,
        153.552,
        125.328,
        135.288,
        131.76,
        107.88,
        89.136,
        87.792,
        94.752,
        103.368,
        111.576,
        118.752,
        127.344,
        134.76,
        120.384,
        109.896,
        118.656,
        126.0,
        98.616,
        98.088,
        107.712,
        2.64
    ],
    "delays": [
        9.551
    ],
    "loss": 0,
    "queue": 10,
    "delay_noise": 0
}