{
    "timestamps": [
        0.0,
        0.5,
        1.0,
        1.5,
        2.0,
        2.5,
        3.0,
        3.5,
        4.0,
        4.5,
        5.0,
        5.5,
        6.0,
        6.5,
        7.0,
        7.5,
        8.0,
        8.5,
        9.0,
        9.5,
        10.0,
        10.5,
        11.0,
        11.5,
        12.0,
        12.5,
        13.0,
        13.5,
        14.0,
        14.5,
        15.0,
        15.5,
        16.0,
        16.5,
        17.0,
        17.5,
        18.0,
        18.5,
        19.0,
        19.5,
        20.0,
        20.5,
        21.0,
        21.5,
        22.0,
        22.5,
        23.0,
        23.5,
        24.0,
        24.5,
        25.0,
        25.5,
        26.0,
        26.5,
        27.0,
        27.5,
        28.0,
        28.5,
        29.0,
        29.5,
        30.0,
        30.5
    ],
    "bandwidths": [
        0.1,
        35.090944,
        57.792,
        61.584,
        69.672,
        69.744,
        61.008,
        68.688,
        76.176,
        84.12,
        91.464,
        99.144,
        107.136,
        113.4,
        101.496,
        94.944,
        102.768,
        79.152,
        85.152,
        92.352,
        80.304,
        57.744,
        61.248,
        69.432,
        67.776,
        60.504,
        68.184,
        74.568,
        59.472,
        65.592,
        73.944,
        81.984,
        89.616,
        96.696,
        105.144,
        112.608,
        120.768,
        127.632,
        136.344,
        144.84,
        152.112,
        159.216,
        166.68,
        175.176,
        156.936,
        127.32,
        104.688,
        112.272,
        119.16,
        127.752,
        134.928,
        143.976,
        129.024,
        115.248,
        87.96,
        95.592,
        101.208,
        87.168,
        86.904,
        93.456,
        99.984,
        2.88
    ],
    "delays": [
        9.5285
    ],
    "loss": 0,
    "queue": 10,
    "delay_noise": 0
}