{
    "timestamps": [
        0.0,
        0.5,
        1.0,
        1.5,
        2.0,
        2.5,
        3.0,
        3.5,
        4.0,
        4.5,
        5.0,
        5.5,
        6.0,
        6.5,
        7.0,
        7.5,
        8.0,
        8.5,
        9.0,
        9.5,
        10.0,
        10.5,
        11.0,
        11.5,
        12.0,
        12.5,
        13.0,
        13.5,
        14.0,
        14.5,
        15.0,
        15.5,
        16.0,
        16.5,
        17.0,
        17.5,
        18.0,
        18.5,
        19.0,
        19.5,
        20.0,
        20.5,
        21.0,
        21.5,
        22.0,
        22.5,
        23.0,
        23.5,
        24.0,
        24.5,
        25.0,
        25.5,
        26.0,
        26.5,
        27.0,
        27.5,
        28.0,
        28.5,
        29.0,
        29.5,
        30.0
    ],
    "bandwidths": [
        0.1,
        656.546944,
        553.008,
        429.024,
        389.712,
        374.064,
        335.688,
        333.288,
        298.608,
        310.464,
        294.696,
        287.856,
        309.096,
        263.856,
        271.512,
        307.512,
        330.528,
        322.632,
        305.952,
        294.48,
        332.232,
        309.792,
        315.024,
        306.336,
        320.112,
        325.56,
        328.272,
        310.296,
        265.608,
        262.44,
        257.616,
        318.144,
        310.464,
        302.016,
        309.936,
        308.4,
        320.088,
        328.008,
        313.008,
        329.928,
        333.72,
        307.128,
        340.2,
        347.232,
        371.304,
        368.304,
        316.92,
        367.08,
        373.032,
        418.104,
        436.464,
        384.0,
        374.736,
        327.768,
        320.928,
        286.176,
        324.0,
        317.04,
        278.304,
        274.104,
        291.144
    ],
    "delays": [
        0.655
    ],
    "loss": 0,
    "queue": 10,
    "delay_noise": 0
}