{
    "timestamps": [
        0.0,
        0.5,
        1.0,
        1.5,
        2.0,
        2.5,
        3.0,
        3.5,
        4.0,
        4.5,
        5.0,
        5.5,
        6.0,
        6.5,
        7.0,
        7.5,
        8.0,
        8.5,
        9.0,
        9.5,
        10.0,
        10.5,
        11.0,
        11.5,
        12.0,
        12.5,
        13.0,
        13.5,
        14.0,
        14.5,
        15.0,
        15.5,
        16.0,
        16.5,
        17.0,
        17.5,
        18.0,
        18.5,
        19.0,
        19.5,
        20.0,
        20.5,
        21.0,
        21.5,
        22.0,
        22.5,
        23.0,
        23.5,
        24.0,
        24.5,
        25.0,
        25.5,
        26.0,
        26.5,
        27.0,
        27.5,
        28.0,
        28.5,
        29.0,
        29.5,
        30.0,
        30.5
    ],
    "bandwidths": [
        0.1,
        435.986944,
        334.656,
        134.568,
        26.928,
        27.888,
        27.648,
        29.328,
        30.816,
        28.632,
        27.888,
        28.056,
        26.328,
        26.688,
        26.568,
        26.952,
        36.24,
        40.992,
        41.688,
        41.784,
        38.16,
        31.032,
        29.256,
        29.856,
        28.68,
        27.864,
        28.296,
        28.152,
        27.336,
        27.504,
        27.576,
        27.096,
        27.168,
        26.112,
        27.12,
        27.12,
        27.264,
        26.952,
        28.152,
        26.448,
        26.736,
        26.304,
        27.48,
        26.904,
        27.096,
        26.088,
        27.024,
        26.544,
        26.592,
        26.496,
        27.888,
        27.408,
        27.264,
        26.424,
        28.368,
        26.712,
        27.96,
        26.88,
        29.208,
        29.568,
        27.768,
        0.6
    ],
    "delays": [
        0.7385
    ],
    "loss": 0,
    "queue": 10,
    "delay_noise": 0
}