{
    "timestamps": [
        0.0,
        0.5,
        1.0,
        1.5,
        2.0,
        2.5,
        3.0,
        3.5,
        4.0,
        4.5,
        5.0,
        5.5,
        6.0,
        6.5,
        7.0,
        7.5,
        8.0,
        8.5,
        9.0,
        9.5,
        10.0,
        10.5,
        11.0,
        11.5,
        12.0,
        12.5,
        13.0,
        13.5,
        14.0,
        14.5,
        15.0,
        15.5,
        16.0,
        16.5,
        17.0,
        17.5,
        18.0,
        18.5,
        19.0,
        19.5,
        20.0,
        20.5,
        21.0,
        21.5,
        22.0,
        22.5,
        23.0,
        23.5,
        24.0,
        24.5,
        25.0,
        25.5,
        26.0,
        26.5,
        27.0,
        27.5,
        28.0,
        28.5,
        29.0,
        29.5,
        30.0
    ],
    "bandwidths": [
        0.1,
        95.325184,
        96.871008,
        96.5768,
        96.855712,
        96.532288,
        96.584256,
        96.891968,
        96.535936,
        96.601344,
        96.607712,
        96.633568,
        96.8504,
        96.5648,
        96.5624,
        96.566944,
        96.858112,
        96.5416,
        96.5448,
        96.511744,
        96.904224,
        50.197472,
        48.741568,
        48.976128,
        48.718112,
        48.741568,
        48.858848,
        48.78848,
        48.78848,
        48.858848,
        48.642176,
        48.734592,
        48.694656,
        48.882304,
        48.78848,
        48.835392,
        48.858848,
        48.858848,
        48.78848,
        48.647744,
        48.624288,
        33.870464,
        32.533472,
        32.556928,
        32.556928,
        32.580384,
        32.556928,
        32.510016,
        32.510016,
        32.510016,
        32.556928,
        32.580384,
        32.533472,
        32.533472,
        32.510016,
        32.533472,
        32.533472,
        32.556928,
        32.580384,
        32.556928,
        31.149568
    ],
    "delays": [
        0.6
    ],
    "loss": 0,
    "queue": 10,
    "delay_noise": 0,
    "T_s": 0
}