{
    "timestamps": [
        0.0,
        0.5,
        1.0,
        1.5,
        2.0,
        2.5,
        3.0,
        3.5,
        4.0,
        4.5,
        5.0,
        5.5,
        6.0,
        6.5,
        7.0,
        7.5,
        8.0,
        8.5,
        9.0,
        9.5,
        10.0,
        10.5,
        11.0,
        11.5,
        12.0,
        12.5,
        13.0,
        13.5,
        14.0,
        14.5,
        15.0,
        15.5,
        16.0,
        16.5,
        17.0,
        17.5,
        18.0,
        18.5,
        19.0,
        19.5,
        20.0,
        20.5,
        21.0,
        21.5,
        22.0,
        22.5,
        23.0,
        23.5,
        24.0,
        24.5,
        25.0,
        25.5,
        26.0,
        26.5,
        27.0,
        27.5,
        28.0,
        28.5,
        29.0,
        29.5,
        30.0
    ],
    "bandwidths": [
        0.1,
        0.1,
        0.1,
        22.429296,
        97.373696,
        97.39632,
        95.201792,
        97.05696,
        96.966464,
        89.545792,
        97.373696,
        97.373696,
        97.39632,
        96.898592,
        96.94384,
        80.20208,
        79.387616,
        94.183712,
        90.428128,
        96.808096,
        96.649728,
        57.510208,
        48.709184,
        48.686576,
        49.116432,
        48.68576,
        48.686304,
        50.496496,
        48.686576,
        48.68576,
        48.7092,
        48.686576,
        48.686032,
        53.233728,
        39.20712,
        35.225568,
        48.686032,
        48.686848,
        48.68576,
        48.708928,
        48.663408,
        38.75464,
        32.465168,
        32.465168,
        32.464896,
        32.464896,
        34.048848,
        34.840416,
        32.464624,
        32.442816,
        33.21176,
        32.44224,
        32.48776,
        32.441904,
        32.46544,
        32.465136,
        32.464528,
        32.464832,
        32.442512,
        34.139008,
        26.94488
    ],
    "delays": [
        0.62
    ],
    "loss": 0,
    "queue": 10,
    "delay_noise": 0,
    "T_s": 0
}