{
    "timestamps": [
        0.0,
        0.5,
        1.0,
        1.5,
        2.0,
        2.5,
        3.0,
        3.5,
        4.0,
        4.5,
        5.0,
        5.5,
        6.0,
        6.5,
        7.0,
        7.5,
        8.0,
        8.5,
        9.0,
        9.5,
        10.0,
        10.5,
        11.0,
        11.5,
        12.0,
        12.5,
        13.0,
        13.5,
        14.0,
        14.5,
        15.0,
        15.5,
        16.0,
        16.5,
        17.0,
        17.5,
        18.0,
        18.5,
        19.0,
        19.5,
        20.0,
        20.5,
        21.0,
        21.5,
        22.0,
        22.5,
        23.0,
        23.5,
        24.0,
        24.5,
        25.0,
        25.5,
        26.0,
        26.5,
        27.0,
        27.5,
        28.0,
        28.5,
        29.0,
        29.5,
        30.0
    ],
    "bandwidths": [
        0.1,
        96.002944,
        97.464,
        97.464,
        97.368,
        97.344,
        97.392,
        97.392,
        97.368,
        97.392,
        97.44,
        97.368,
        97.44,
        97.392,
        97.44,
        97.392,
        97.392,
        97.392,
        97.368,
        97.392,
        97.392,
        36.144,
        27.168,
        30.144,
        30.288,
        30.288,
        30.096,
        30.24,
        30.144,
        30.24,
        30.288,
        30.192,
        30.096,
        30.0,
        30.048,
        30.0,
        36.744,
        44.832,
        57.432,
        69.504,
        69.576,
        27.576,
        22.272,
        23.136,
        23.448,
        23.448,
        23.52,
        23.424,
        23.424,
        23.52,
        23.424,
        29.016,
        31.416,
        33.048,
        30.12,
        30.912,
        31.296,
        31.968,
        36.576,
        37.872,
        35.544
    ],
    "delays": [
        1.3205
    ],
    "loss": 0,
    "queue": 10,
    "delay_noise": 0,
    "T_s": 0
}