{
    "timestamps": [
        0.0,
        0.5,
        1.0,
        1.5,
        2.0,
        2.5,
        3.0,
        3.5,
        4.0,
        4.5,
        5.0,
        5.5,
        6.0,
        6.5,
        7.0,
        7.5,
        8.0,
        8.5,
        9.0,
        9.5,
        10.0,
        10.5,
        11.0,
        11.5,
        12.0,
        12.5,
        13.0,
        13.5,
        14.0,
        14.5,
        15.0,
        15.5,
        16.0,
        16.5,
        17.0,
        17.5,
        18.0,
        18.5,
        19.0,
        19.5,
        20.0,
        20.5,
        21.0,
        21.5,
        22.0,
        22.5,
        23.0,
        23.5,
        24.0,
        24.5,
        25.0,
        25.5,
        26.0,
        26.5,
        27.0,
        27.5,
        28.0,
        28.5,
        29.0,
        29.5,
        30.0
    ],
    "bandwidths": [
        0.1,
        1.778944,
        19.968,
        7.32,
        6.12,
        10.584,
        10.104,
        11.328,
        14.952,
        12.576,
        16.392,
        14.232,
        13.92,
        7.776,
        11.688,
        11.568,
        12.024,
        6.144,
        10.632,
        11.712,
        12.912,
        13.752,
        5.568,
        10.488,
        13.56,
        15.096,
        12.288,
        16.416,
        18.528,
        10.416,
        9.912,
        9.912,
        7.536,
        10.248,
        11.52,
        11.04,
        13.128,
        15.456,
        12.384,
        10.728,
        13.08,
        14.496,
        13.8,
        6.552,
        16.464,
        15.936,
        9.744,
        12.696,
        10.848,
        13.608,
        14.736,
        8.904,
        7.776,
        8.544,
        9.552,
        7.392,
        11.424,
        14.328,
        16.464,
        9.192,
        18.456
    ],
    "delays": [
        17.3655
    ],
    "loss": 0,
    "queue": 10,
    "delay_noise": 0
}