{
    "timestamps": [
        0.0,
        0.5,
        1.0,
        1.5,
        2.0,
        2.5,
        3.0,
        3.5,
        4.0,
        4.5,
        5.0,
        5.5,
        6.0,
        6.5,
        7.0,
        7.5,
        8.0,
        8.5,
        9.0,
        9.5,
        10.0,
        10.5,
        11.0,
        11.5,
        12.0,
        12.5,
        13.0,
        13.5,
        14.0,
        14.5,
        15.0,
        15.5,
        16.0,
        16.5,
        17.0,
        17.5,
        18.0,
        18.5,
        19.0,
        19.5,
        20.0,
        20.5,
        21.0,
        21.5,
        22.0,
        22.5,
        23.0,
        23.5,
        24.0,
        24.5,
        25.0,
        25.5,
        26.0,
        26.5,
        27.0,
        27.5,
        28.0,
        28.5,
        29.0,
        29.5,
        30.0,
        30.5
    ],
    "bandwidths": [
        0.1,
        8.210944,
        20.664,
        17.52,
        22.368,
        22.392,
        24.24,
        17.928,
        27.984,
        23.376,
        16.8,
        23.808,
        26.328,
        25.656,
        18.552,
        5.928,
        9.216,
        6.744,
        3.744,
        5.304,
        7.08,
        7.32,
        4.752,
        11.184,
        11.088,
        7.992,
        11.28,
        10.224,
        10.464,
        5.424,
        12.336,
        15.456,
        20.352,
        24.216,
        24.072,
        15.72,
        23.328,
        28.344,
        32.592,
        24.96,
        23.304,
        28.344,
        26.544,
        24.024,
        23.712,
        24.336,
        24.744,
        28.704,
        24.096,
        17.64,
        26.064,
        31.656,
        15.24,
        29.4,
        20.736,
        27.24,
        30.168,
        24.792,
        23.592,
        22.608,
        20.88,
        0.768
    ],
    "delays": [
        14.625
    ],
    "loss": 0,
    "queue": 10,
    "delay_noise": 0
}