{
    "timestamps": [
        0.0,
        0.5,
        1.0,
        1.5,
        2.0,
        2.5,
        3.0,
        3.5,
        4.0,
        4.5,
        5.0,
        5.5,
        6.0,
        6.5,
        7.0,
        7.5,
        8.0,
        8.5,
        9.0,
        9.5,
        10.0,
        10.5,
        11.0,
        11.5,
        12.0,
        12.5,
        13.0,
        13.5,
        14.0,
        14.5,
        15.0,
        15.5,
        16.0,
        16.5,
        17.0,
        17.5,
        18.0,
        18.5,
        19.0,
        19.5,
        20.0,
        20.5,
        21.0,
        21.5,
        22.0,
        22.5,
        23.0,
        23.5,
        24.0,
        24.5,
        25.0,
        25.5,
        26.0,
        26.5,
        27.0,
        27.5,
        28.0,
        28.5,
        29.0,
        29.5,
        30.0,
        30.5
    ],
    "bandwidths": [
        0.1,
        1.010944,
        7.848,
        6.36,
        11.112,
        10.488,
        6.912,
        8.52,
        10.416,
        7.848,
        9.888,
        10.392,
        8.088,
        10.296,
        5.496,
        5.352,
        7.152,
        7.872,
        3.216,
        7.056,
        9.288,
        9.672,
        9.0,
        9.888,
        10.968,
        11.976,
        9.384,
        6.336,
        7.8,
        10.464,
        6.576,
        6.912,
        4.944,
        5.208,
        5.808,
        3.456,
        4.992,
        4.464,
        3.72,
        3.024,
        4.104,
        2.568,
        3.864,
        5.136,
        5.808,
        6.744,
        6.816,
        7.368,
        9.144,
        9.312,
        7.656,
        4.992,
        5.52,
        9.36,
        7.824,
        7.248,
        7.536,
        7.464,
        6.96,
        10.584,
        15.576,
        0.504
    ],
    "delays": [
        14.6125
    ],
    "loss": 0,
    "queue": 10,
    "delay_noise": 0
}