{
    "timestamps": [
        0.0,
        0.5,
        1.0,
        1.5,
        2.0,
        2.5,
        3.0,
        3.5,
        4.0,
        4.5,
        5.0,
        5.5,
        6.0,
        6.5,
        7.0,
        7.5,
        8.0,
        8.5,
        9.0,
        9.5,
        10.0,
        10.5,
        11.0,
        11.5,
        12.0,
        12.5,
        13.0,
        13.5,
        14.0,
        14.5,
        15.0,
        15.5,
        16.0,
        16.5,
        17.0,
        17.5,
        18.0,
        18.5,
        19.0,
        19.5,
        20.0,
        20.5,
        21.0,
        21.5,
        22.0,
        22.5,
        23.0,
        23.5,
        24.0,
        24.5,
        25.0,
        25.5,
        26.0,
        26.5,
        27.0,
        27.5,
        28.0,
        28.5,
        29.0,
        29.5,
        30.0
    ],
    "bandwidths": [
        0.1,
        3.986944,
        10.056,
        11.28,
        7.032,
        3.504,
        5.304,
        5.52,
        6.264,
        5.424,
        5.136,
        5.424,
        7.104,
        5.04,
        5.04,
        14.136,
        15.288,
        8.784,
        10.296,
        12.12,
        15.168,
        12.168,
        11.712,
        18.36,
        13.992,
        9.84,
        17.664,
        25.176,
        19.584,
        14.952,
        15.744,
        20.904,
        12.864,
        12.168,
        8.544,
        7.368,
        15.696,
        10.392,
        14.352,
        18.216,
        20.592,
        11.64,
        13.32,
        19.224,
        23.736,
        12.84,
        10.632,
        5.16,
        5.784,
        8.568,
        12.648,
        14.424,
        15.672,
        13.872,
        13.488,
        15.888,
        9.048,
        13.704,
        11.568,
        8.976,
        7.2
    ],
    "delays": [
        14.487
    ],
    "loss": 0,
    "queue": 10,
    "delay_noise": 0
}