{
    "timestamps": [
        0.0,
        0.5,
        1.0,
        1.5,
        2.0,
        2.5,
        3.0,
        3.5,
        4.0,
        4.5,
        5.0,
        5.5,
        6.0,
        6.5,
        7.0,
        7.5,
        8.0,
        8.5,
        9.0,
        9.5,
        10.0,
        10.5,
        11.0,
        11.5,
        12.0,
        12.5,
        13.0,
        13.5,
        14.0,
        14.5,
        15.0,
        15.5,
        16.0,
        16.5,
        17.0,
        17.5,
        18.0,
        18.5,
        19.0,
        19.5,
        20.0,
        20.5,
        21.0,
        21.5,
        22.0,
        22.5,
        23.0,
        23.5,
        24.0,
        24.5,
        25.0,
        25.5,
        26.0,
        26.5,
        27.0,
        27.5,
        28.0,
        28.5,
        29.0,
        29.5,
        30.0
    ],
    "bandwidths": [
        0.1,
        13.562944,
        26.112,
        11.472,
        32.04,
        22.704,
        11.952,
        9.696,
        12.144,
        9.504,
        9.552,
        8.544,
        16.248,
        14.664,
        13.536,
        11.136,
        11.4,
        16.128,
        17.04,
        10.344,
        16.728,
        26.616,
        20.4,
        8.568,
        21.576,
        29.496,
        19.488,
        7.296,
        9.696,
        12.264,
        21.936,
        12.672,
        9.504,
        9.504,
        6.84,
        7.176,
        9.408,
        11.784,
        14.904,
        11.424,
        10.464,
        11.64,
        13.224,
        11.064,
        7.8,
        12.432,
        8.304,
        8.208,
        10.68,
        12.48,
        12.84,
        11.736,
        8.16,
        10.824,
        15.744,
        17.424,
        13.056,
        17.952,
        13.176,
        16.296,
        18.744
    ],
    "delays": [
        14.8725
    ],
    "loss": 0,
    "queue": 10,
    "delay_noise": 0
}