{
    "timestamps": [
        0.0,
        0.5,
        1.0,
        1.5,
        2.0,
        2.5,
        3.0,
        3.5,
        4.0,
        4.5,
        5.0,
        5.5,
        6.0,
        6.5,
        7.0,
        7.5,
        8.0,
        8.5,
        9.0,
        9.5,
        10.0,
        10.5,
        11.0,
        11.5,
        12.0,
        12.5,
        13.0,
        13.5,
        14.0,
        14.5,
        15.0,
        15.5,
        16.0,
        16.5,
        17.0,
        17.5,
        18.0,
        18.5,
        19.0,
        19.5,
        20.0,
        20.5,
        21.0,
        21.5,
        22.0,
        22.5,
        23.0,
        23.5,
        24.0,
        24.5,
        25.0,
        25.5,
        26.0,
        26.5,
        27.0,
        27.5,
        28.0,
        28.5,
        29.0,
        29.5,
        30.0
    ],
    "bandwidths": [
        0.1,
        4.030032,
        3.504,
        3.6,
        3.288,
        3.24,
        3.024,
        2.928,
        2.52,
        2.952,
        3.24,
        2.76,
        2.592,
        2.976,
        3.456,
        2.88,
        0.744,
        1.032,
        0.744,
        0.888,
        1.08,
        1.08,
        0.984,
        0.888,
        0.744,
        0.984,
        1.08,
        0.864,
        1.104,
        1.104,
        0.912,
        0.984,
        0.864,
        1.008,
        0.96,
        0.936,
        0.912,
        0.888,
        0.984,
        0.984,
        1.128,
        1.128,
        0.912,
        0.96,
        0.936,
        0.984,
        0.816,
        1.032,
        1.008,
        0.768,
        0.96,
        0.72,
        0.816,
        0.912,
        0.744,
        0.72,
        0.624,
        0.84,
        1.032,
        1.008,
        0.48
    ],
    "delays": [
        17.5745
    ],
    "loss": 0,
    "queue": 10,
    "delay_noise": 0
}