{
    "timestamps": [
        0.0,
        0.5,
        1.0,
        1.5,
        2.0,
        2.5,
        3.0,
        3.5,
        4.0,
        4.5,
        5.0,
        5.5,
        6.0,
        6.5,
        7.0,
        7.5,
        8.0,
        8.5,
        9.0,
        9.5,
        10.0,
        10.5,
        11.0,
        11.5,
        12.0,
        12.5,
        13.0,
        13.5,
        14.0,
        14.5,
        15.0,
        15.5,
        16.0,
        16.5,
        17.0,
        17.5,
        18.0,
        18.5,
        19.0,
        19.5,
        20.0,
        20.5,
        21.0,
        21.5,
        22.0,
        22.5,
        23.0,
        23.5,
        24.0,
        24.5,
        25.0,
        25.5,
        26.0,
        26.5,
        27.0,
        27.5,
        28.0,
        28.5,
        29.0,
        29.5,
        30.0,
        30.5
    ],
    "bandwidths": [
        0.1,
        7.370944,
        9.288,
        6.72,
        8.472,
        9.216,
        8.328,
        7.896,
        4.392,
        5.04,
        6.288,
        6.6,
        2.376,
        2.76,
        5.208,
        5.136,
        5.448,
        4.752,
        4.176,
        4.128,
        3.36,
        2.832,
        1.8,
        1.848,
        1.608,
        1.752,
        1.896,
        2.256,
        2.712,
        3.12,
        3.408,
        4.056,
        4.464,
        4.08,
        4.104,
        2.616,
        2.184,
        1.992,
        1.992,
        1.56,
        1.752,
        1.992,
        2.136,
        1.368,
        1.536,
        1.848,
        2.016,
        1.944,
        1.752,
        1.464,
        1.608,
        1.56,
        2.064,
        2.064,
        2.04,
        1.608,
        1.464,
        0.912,
        0.84,
        0.936,
        1.152,
        0.1
    ],
    "delays": [
        14.607
    ],
    "loss": 0,
    "queue": 10,
    "delay_noise": 0
}